[{"model": "contenttypes.contenttype", "pk": 1, "fields": {"app_label": "admin", "model": "logentry"}}, {"model": "contenttypes.contenttype", "pk": 2, "fields": {"app_label": "auth", "model": "permission"}}, {"model": "contenttypes.contenttype", "pk": 3, "fields": {"app_label": "auth", "model": "group"}}, {"model": "contenttypes.contenttype", "pk": 4, "fields": {"app_label": "auth", "model": "user"}}, {"model": "contenttypes.contenttype", "pk": 5, "fields": {"app_label": "contenttypes", "model": "contenttype"}}, {"model": "contenttypes.contenttype", "pk": 6, "fields": {"app_label": "sessions", "model": "session"}}, {"model": "contenttypes.contenttype", "pk": 7, "fields": {"app_label": "blog", "model": "blogtype"}}, {"model": "contenttypes.contenttype", "pk": 8, "fields": {"app_label": "blog", "model": "blog"}}, {"model": "contenttypes.contenttype", "pk": 9, "fields": {"app_label": "blog", "model": "readnum"}}, {"model": "contenttypes.contenttype", "pk": 10, "fields": {"app_label": "read_statistics", "model": "readnum"}}, {"model": "contenttypes.contenttype", "pk": 11, "fields": {"app_label": "comment", "model": "comment"}}, {"model": "contenttypes.contenttype", "pk": 12, "fields": {"app_label": "likes", "model": "likecount"}}, {"model": "contenttypes.contenttype", "pk": 13, "fields": {"app_label": "likes", "model": "likerecord"}}, {"model": "contenttypes.contenttype", "pk": 14, "fields": {"app_label": "user", "model": "profile"}}, {"model": "contenttypes.contenttype", "pk": 15, "fields": {"app_label": "captcha", "model": "captchastore"}}, {"model": "sessions.session", "pk": "18hjmzo0mq3783w7gzazk8qn50slio0w", "fields": {"session_data": "ZTQ5NzJiMmVkNzYwMzNmOGEwZGU3MDhjZWI5NDhkNzE0N2ViMmUwZjp7fQ==", "expire_date": "2018-08-02T13:02:26.511Z"}}, {"model": "sessions.session", "pk": "1v7pgfaocf2wjy57orkvt7p10vcditnh", "fields": {"session_data": "ZTQ5NzJiMmVkNzYwMzNmOGEwZGU3MDhjZWI5NDhkNzE0N2ViMmUwZjp7fQ==", "expire_date": "2018-08-01T12:24:47.702Z"}}, {"model": "sessions.session", "pk": "4gfo0mlpg25vspmi95roefk03r7e45m3", "fields": {"session_data": "ZTQ5NzJiMmVkNzYwMzNmOGEwZGU3MDhjZWI5NDhkNzE0N2ViMmUwZjp7fQ==", "expire_date": "2018-08-02T11:37:55.796Z"}}, {"model": "sessions.session", "pk": "5sopbzceph934z663xcb9c162cmb8wtx", "fields": {"session_data": "YzRlMjk4ODc1ZDQxNDQxZjhhMmZjNTI0YTNmY2Q4NzJiZWM4MmM1ODp7Il9hdXRoX3VzZXJfaWQiOiIxIiwiX2F1dGhfdXNlcl9iYWNrZW5kIjoiZGphbmdvLmNvbnRyaWIuYXV0aC5iYWNrZW5kcy5Nb2RlbEJhY2tlbmQiLCJfYXV0aF91c2VyX2hhc2giOiJiM2QwNTI1YThjZTRmNDFiMzNhOWM5NGIyMWE5OTZjOWI0YmJmZWJmIn0=", "expire_date": "2018-08-04T12:55:25.822Z"}}, {"model": "sessions.session", "pk": "7gfup8kmtbitt9585gkzreo3f7w4dd0p", "fields": {"session_data": "ZTQ5NzJiMmVkNzYwMzNmOGEwZGU3MDhjZWI5NDhkNzE0N2ViMmUwZjp7fQ==", "expire_date": "2018-08-01T12:17:53.011Z"}}, {"model": "sessions.session", "pk": "8c812kbd7qi1qsn3wnzc2i933qbq35vz", "fields": {"session_data": "ZTQ5NzJiMmVkNzYwMzNmOGEwZGU3MDhjZWI5NDhkNzE0N2ViMmUwZjp7fQ==", "expire_date": "2018-08-02T11:37:15.640Z"}}, {"model": "sessions.session", "pk": "aanr2ljwugphgposc4sf8f2nnhy6lvag", "fields": {"session_data": "ZTQ5NzJiMmVkNzYwMzNmOGEwZGU3MDhjZWI5NDhkNzE0N2ViMmUwZjp7fQ==", "expire_date": "2018-07-30T14:32:14.698Z"}}, {"model": "sessions.session", "pk": "etwjpz772rh3mqkfpsl6no5ht42shyhu", "fields": {"session_data": "ZTQ5NzJiMmVkNzYwMzNmOGEwZGU3MDhjZWI5NDhkNzE0N2ViMmUwZjp7fQ==", "expire_date": "2018-08-02T12:35:27.028Z"}}, {"model": "sessions.session", "pk": "ikef7wsd42jpffa0dqv6v8erehzu4f5a", "fields": {"session_data": "ZTQ5NzJiMmVkNzYwMzNmOGEwZGU3MDhjZWI5NDhkNzE0N2ViMmUwZjp7fQ==", "expire_date": "2018-07-30T14:27:11.812Z"}}, {"model": "sessions.session", "pk": "orfwt2r1wym0ewld66mzo4p1slw74jt8", "fields": {"session_data": "ZTQ5NzJiMmVkNzYwMzNmOGEwZGU3MDhjZWI5NDhkNzE0N2ViMmUwZjp7fQ==", "expire_date": "2018-08-02T11:37:29.035Z"}}, {"model": "sessions.session", "pk": "qsnodi08bt7r0xop6ilvk9hsgryvzg1f", "fields": {"session_data": "ZTQ5NzJiMmVkNzYwMzNmOGEwZGU3MDhjZWI5NDhkNzE0N2ViMmUwZjp7fQ==", "expire_date": "2018-08-02T12:35:30.678Z"}}, {"model": "sessions.session", "pk": "qz5mwphnxu87xufdz54t8om097buuwp9", "fields": {"session_data": "ZTQ5NzJiMmVkNzYwMzNmOGEwZGU3MDhjZWI5NDhkNzE0N2ViMmUwZjp7fQ==", "expire_date": "2018-08-04T06:42:45.481Z"}}, {"model": "sessions.session", "pk": "s5pfynh303t6yxqvgltbglv3a0x8v9gn", "fields": {"session_data": "ZTQ5NzJiMmVkNzYwMzNmOGEwZGU3MDhjZWI5NDhkNzE0N2ViMmUwZjp7fQ==", "expire_date": "2018-08-01T12:24:45.122Z"}}, {"model": "sessions.session", "pk": "uwd319oxa8hiqcmg16qepxg75vknrw43", "fields": {"session_data": "ZTQ5NzJiMmVkNzYwMzNmOGEwZGU3MDhjZWI5NDhkNzE0N2ViMmUwZjp7fQ==", "expire_date": "2018-08-04T12:54:19.302Z"}}, {"model": "sessions.session", "pk": "vukg86hboy2lvocdkwjquxk272oq9n7s", "fields": {"session_data": "ZTQ5NzJiMmVkNzYwMzNmOGEwZGU3MDhjZWI5NDhkNzE0N2ViMmUwZjp7fQ==", "expire_date": "2018-08-01T12:19:59.005Z"}}, {"model": "sessions.session", "pk": "wpfbr17ts14fqokdiqeq738swzhqdmrj", "fields": {"session_data": "ZTQ5NzJiMmVkNzYwMzNmOGEwZGU3MDhjZWI5NDhkNzE0N2ViMmUwZjp7fQ==", "expire_date": "2018-08-02T11:38:35.223Z"}}, {"model": "sessions.session", "pk": "wzcezmnjb87mmyrp4f16buaf056jjkfc", "fields": {"session_data": "ZTQ5NzJiMmVkNzYwMzNmOGEwZGU3MDhjZWI5NDhkNzE0N2ViMmUwZjp7fQ==", "expire_date": "2018-08-02T13:02:22.223Z"}}, {"model": "blog.blogtype", "pk": 1, "fields": {"type_name": "Django"}}, {"model": "blog.blogtype", "pk": 2, "fields": {"type_name": "\u968f\u7b14"}}, {"model": "blog.blogtype", "pk": 3, "fields": {"type_name": "\u611f\u609f"}}, {"model": "blog.blogtype", "pk": 4, "fields": {"type_name": "python"}}, {"model": "read_statistics.readnum", "pk": 1, "fields": {"read_num": 3, "content_type": 8, "object_id": 2}}, {"model": "read_statistics.readnum", "pk": 2, "fields": {"read_num": 2, "content_type": 8, "object_id": 3}}, {"model": "read_statistics.readnum", "pk": 3, "fields": {"read_num": 11, "content_type": 8, "object_id": 37}}, {"model": "read_statistics.readnum", "pk": 4, "fields": {"read_num": 23, "content_type": 8, "object_id": 33}}, {"model": "read_statistics.readnum", "pk": 5, "fields": {"read_num": 14, "content_type": 8, "object_id": 32}}, {"model": "read_statistics.readnum", "pk": 6, "fields": {"read_num": 7, "content_type": 8, "object_id": 36}}, {"model": "read_statistics.readnum", "pk": 7, "fields": {"read_num": 177, "content_type": 8, "object_id": 34}}, {"model": "read_statistics.readnum", "pk": 8, "fields": {"read_num": 2, "content_type": 8, "object_id": 23}}, {"model": "read_statistics.readnum", "pk": 9, "fields": {"read_num": 2, "content_type": 8, "object_id": 24}}, {"model": "read_statistics.readnum", "pk": 10, "fields": {"read_num": 4, "content_type": 8, "object_id": 25}}, {"model": "read_statistics.readnum", "pk": 11, "fields": {"read_num": 3, "content_type": 8, "object_id": 26}}, {"model": "read_statistics.readnum", "pk": 12, "fields": {"read_num": 3, "content_type": 8, "object_id": 27}}, {"model": "read_statistics.readnum", "pk": 13, "fields": {"read_num": 3, "content_type": 8, "object_id": 28}}, {"model": "read_statistics.readnum", "pk": 14, "fields": {"read_num": 5, "content_type": 8, "object_id": 29}}, {"model": "read_statistics.readnum", "pk": 15, "fields": {"read_num": 3, "content_type": 8, "object_id": 30}}, {"model": "read_statistics.readnum", "pk": 16, "fields": {"read_num": 14, "content_type": 8, "object_id": 31}}, {"model": "read_statistics.readnum", "pk": 17, "fields": {"read_num": 4, "content_type": 8, "object_id": 38}}, {"model": "read_statistics.readnum", "pk": 18, "fields": {"read_num": 5, "content_type": 8, "object_id": 1}}, {"model": "read_statistics.readnum", "pk": 19, "fields": {"read_num": 41, "content_type": 8, "object_id": 35}}, {"model": "read_statistics.readnum", "pk": 20, "fields": {"read_num": 1, "content_type": 8, "object_id": 4}}, {"model": "read_statistics.readnum", "pk": 21, "fields": {"read_num": 2, "content_type": 8, "object_id": 5}}, {"model": "read_statistics.readnum", "pk": 22, "fields": {"read_num": 2, "content_type": 8, "object_id": 6}}, {"model": "read_statistics.readnum", "pk": 23, "fields": {"read_num": 2, "content_type": 8, "object_id": 7}}, {"model": "read_statistics.readnum", "pk": 24, "fields": {"read_num": 2, "content_type": 8, "object_id": 8}}, {"model": "read_statistics.readnum", "pk": 25, "fields": {"read_num": 2, "content_type": 8, "object_id": 9}}, {"model": "read_statistics.readnum", "pk": 26, "fields": {"read_num": 2, "content_type": 8, "object_id": 10}}, {"model": "read_statistics.readnum", "pk": 27, "fields": {"read_num": 2, "content_type": 8, "object_id": 11}}, {"model": "read_statistics.readnum", "pk": 28, "fields": {"read_num": 3, "content_type": 8, "object_id": 12}}, {"model": "read_statistics.readnum", "pk": 29, "fields": {"read_num": 3, "content_type": 8, "object_id": 13}}, {"model": "read_statistics.readnum", "pk": 30, "fields": {"read_num": 1, "content_type": 8, "object_id": 22}}, {"model": "read_statistics.readnum", "pk": 31, "fields": {"read_num": 1, "content_type": 8, "object_id": 21}}, {"model": "read_statistics.readnum", "pk": 32, "fields": {"read_num": 1, "content_type": 8, "object_id": 20}}, {"model": "read_statistics.readnum", "pk": 33, "fields": {"read_num": 1, "content_type": 8, "object_id": 19}}, {"model": "read_statistics.readnum", "pk": 34, "fields": {"read_num": 1, "content_type": 8, "object_id": 18}}, {"model": "read_statistics.readnum", "pk": 35, "fields": {"read_num": 1, "content_type": 8, "object_id": 17}}, {"model": "read_statistics.readnum", "pk": 36, "fields": {"read_num": 1, "content_type": 8, "object_id": 16}}, {"model": "read_statistics.readnum", "pk": 37, "fields": {"read_num": 1, "content_type": 8, "object_id": 15}}, {"model": "read_statistics.readnum", "pk": 38, "fields": {"read_num": 1, "content_type": 8, "object_id": 14}}, {"model": "likes.likecount", "pk": 1, "fields": {"content_type": 8, "object_id": 34, "liked_num": 3}}, {"model": "likes.likecount", "pk": 2, "fields": {"content_type": 8, "object_id": 35, "liked_num": 3}}, {"model": "likes.likecount", "pk": 3, "fields": {"content_type": 8, "object_id": 33, "liked_num": 0}}, {"model": "likes.likecount", "pk": 4, "fields": {"content_type": 8, "object_id": 32, "liked_num": 1}}, {"model": "likes.likecount", "pk": 5, "fields": {"content_type": 8, "object_id": 31, "liked_num": 0}}, {"model": "likes.likecount", "pk": 6, "fields": {"content_type": 11, "object_id": 54, "liked_num": 1}}, {"model": "likes.likecount", "pk": 7, "fields": {"content_type": 11, "object_id": 51, "liked_num": 0}}, {"model": "likes.likecount", "pk": 8, "fields": {"content_type": 11, "object_id": 50, "liked_num": 1}}, {"model": "likes.likecount", "pk": 9, "fields": {"content_type": 11, "object_id": 49, "liked_num": 0}}, {"model": "likes.likecount", "pk": 10, "fields": {"content_type": 11, "object_id": 52, "liked_num": 0}}, {"model": "likes.likecount", "pk": 11, "fields": {"content_type": 11, "object_id": 48, "liked_num": 0}}, {"model": "likes.likecount", "pk": 12, "fields": {"content_type": 11, "object_id": 47, "liked_num": 0}}, {"model": "likes.likecount", "pk": 13, "fields": {"content_type": 11, "object_id": 46, "liked_num": 0}}, {"model": "likes.likecount", "pk": 14, "fields": {"content_type": 11, "object_id": 45, "liked_num": 0}}, {"model": "likes.likecount", "pk": 15, "fields": {"content_type": 11, "object_id": 44, "liked_num": 0}}, {"model": "likes.likecount", "pk": 16, "fields": {"content_type": 11, "object_id": 55, "liked_num": 0}}, {"model": "likes.likecount", "pk": 17, "fields": {"content_type": 11, "object_id": 43, "liked_num": 0}}, {"model": "likes.likecount", "pk": 18, "fields": {"content_type": 11, "object_id": 42, "liked_num": 0}}, {"model": "likes.likecount", "pk": 19, "fields": {"content_type": 11, "object_id": 41, "liked_num": 0}}, {"model": "likes.likecount", "pk": 20, "fields": {"content_type": 11, "object_id": 40, "liked_num": 0}}, {"model": "likes.likecount", "pk": 21, "fields": {"content_type": 11, "object_id": 53, "liked_num": 0}}, {"model": "likes.likecount", "pk": 22, "fields": {"content_type": 11, "object_id": 36, "liked_num": 0}}, {"model": "likes.likecount", "pk": 23, "fields": {"content_type": 11, "object_id": 29, "liked_num": 0}}, {"model": "likes.likecount", "pk": 24, "fields": {"content_type": 11, "object_id": 32, "liked_num": 0}}, {"model": "likes.likecount", "pk": 25, "fields": {"content_type": 11, "object_id": 33, "liked_num": 0}}, {"model": "likes.likecount", "pk": 26, "fields": {"content_type": 11, "object_id": 35, "liked_num": 0}}, {"model": "likes.likecount", "pk": 27, "fields": {"content_type": 11, "object_id": 37, "liked_num": 0}}, {"model": "likes.likecount", "pk": 28, "fields": {"content_type": 11, "object_id": 38, "liked_num": 0}}, {"model": "likes.likecount", "pk": 29, "fields": {"content_type": 11, "object_id": 39, "liked_num": 0}}, {"model": "likes.likecount", "pk": 30, "fields": {"content_type": 11, "object_id": 56, "liked_num": 0}}, {"model": "likes.likecount", "pk": 31, "fields": {"content_type": 11, "object_id": 28, "liked_num": 0}}, {"model": "likes.likecount", "pk": 32, "fields": {"content_type": 11, "object_id": 30, "liked_num": 0}}, {"model": "likes.likecount", "pk": 33, "fields": {"content_type": 11, "object_id": 27, "liked_num": 0}}, {"model": "likes.likecount", "pk": 34, "fields": {"content_type": 11, "object_id": 23, "liked_num": 0}}, {"model": "likes.likecount", "pk": 35, "fields": {"content_type": 11, "object_id": 22, "liked_num": 0}}, {"model": "likes.likecount", "pk": 36, "fields": {"content_type": 11, "object_id": 21, "liked_num": 0}}, {"model": "likes.likecount", "pk": 37, "fields": {"content_type": 11, "object_id": 34, "liked_num": 0}}, {"model": "likes.likecount", "pk": 38, "fields": {"content_type": 11, "object_id": 20, "liked_num": 0}}, {"model": "likes.likecount", "pk": 39, "fields": {"content_type": 11, "object_id": 19, "liked_num": 0}}, {"model": "likes.likecount", "pk": 40, "fields": {"content_type": 11, "object_id": 25, "liked_num": 0}}, {"model": "likes.likecount", "pk": 41, "fields": {"content_type": 11, "object_id": 18, "liked_num": 0}}, {"model": "likes.likecount", "pk": 42, "fields": {"content_type": 11, "object_id": 26, "liked_num": 0}}, {"model": "likes.likecount", "pk": 43, "fields": {"content_type": 11, "object_id": 31, "liked_num": 0}}, {"model": "likes.likecount", "pk": 44, "fields": {"content_type": 11, "object_id": 17, "liked_num": 0}}, {"model": "likes.likecount", "pk": 45, "fields": {"content_type": 11, "object_id": 16, "liked_num": 0}}, {"model": "likes.likecount", "pk": 46, "fields": {"content_type": 11, "object_id": 15, "liked_num": 0}}, {"model": "likes.likecount", "pk": 47, "fields": {"content_type": 11, "object_id": 14, "liked_num": 0}}, {"model": "likes.likecount", "pk": 48, "fields": {"content_type": 11, "object_id": 13, "liked_num": 0}}, {"model": "likes.likecount", "pk": 49, "fields": {"content_type": 11, "object_id": 12, "liked_num": 0}}, {"model": "likes.likecount", "pk": 50, "fields": {"content_type": 11, "object_id": 11, "liked_num": 0}}, {"model": "likes.likecount", "pk": 51, "fields": {"content_type": 11, "object_id": 10, "liked_num": 0}}, {"model": "likes.likecount", "pk": 52, "fields": {"content_type": 11, "object_id": 9, "liked_num": 0}}, {"model": "likes.likecount", "pk": 53, "fields": {"content_type": 11, "object_id": 8, "liked_num": 0}}, {"model": "likes.likecount", "pk": 54, "fields": {"content_type": 11, "object_id": 7, "liked_num": 0}}, {"model": "likes.likecount", "pk": 55, "fields": {"content_type": 11, "object_id": 6, "liked_num": 1}}, {"model": "likes.likecount", "pk": 56, "fields": {"content_type": 11, "object_id": 5, "liked_num": 0}}, {"model": "likes.likecount", "pk": 57, "fields": {"content_type": 11, "object_id": 58, "liked_num": 0}}, {"model": "likes.likecount", "pk": 58, "fields": {"content_type": 11, "object_id": 57, "liked_num": 0}}, {"model": "likes.likecount", "pk": 59, "fields": {"content_type": 11, "object_id": 59, "liked_num": 0}}, {"model": "likes.likecount", "pk": 60, "fields": {"content_type": 11, "object_id": 60, "liked_num": 1}}, {"model": "likes.likecount", "pk": 61, "fields": {"content_type": 11, "object_id": 61, "liked_num": 0}}, {"model": "likes.likecount", "pk": 62, "fields": {"content_type": 11, "object_id": 62, "liked_num": 0}}, {"model": "likes.likecount", "pk": 63, "fields": {"content_type": 11, "object_id": 63, "liked_num": 0}}, {"model": "likes.likecount", "pk": 64, "fields": {"content_type": 11, "object_id": 4, "liked_num": 0}}, {"model": "likes.likecount", "pk": 65, "fields": {"content_type": 11, "object_id": 3, "liked_num": 0}}, {"model": "likes.likecount", "pk": 66, "fields": {"content_type": 11, "object_id": 2, "liked_num": 0}}, {"model": "likes.likecount", "pk": 67, "fields": {"content_type": 11, "object_id": 1, "liked_num": 0}}, {"model": "likes.likecount", "pk": 68, "fields": {"content_type": 11, "object_id": 64, "liked_num": 1}}, {"model": "likes.likecount", "pk": 69, "fields": {"content_type": 8, "object_id": 30, "liked_num": 0}}, {"model": "likes.likecount", "pk": 70, "fields": {"content_type": 8, "object_id": 4, "liked_num": 0}}, {"model": "likes.likecount", "pk": 71, "fields": {"content_type": 8, "object_id": 3, "liked_num": 0}}, {"model": "likes.likecount", "pk": 72, "fields": {"content_type": 8, "object_id": 36, "liked_num": 0}}, {"model": "likes.likecount", "pk": 73, "fields": {"content_type": 8, "object_id": 37, "liked_num": 0}}, {"model": "likes.likecount", "pk": 74, "fields": {"content_type": 11, "object_id": 24, "liked_num": 1}}, {"model": "likes.likecount", "pk": 75, "fields": {"content_type": 11, "object_id": 65, "liked_num": 1}}, {"model": "likes.likecount", "pk": 76, "fields": {"content_type": 8, "object_id": 1, "liked_num": 0}}, {"model": "likes.likecount", "pk": 77, "fields": {"content_type": 11, "object_id": 66, "liked_num": 0}}, {"model": "likes.likecount", "pk": 78, "fields": {"content_type": 8, "object_id": 29, "liked_num": 0}}, {"model": "likes.likecount", "pk": 79, "fields": {"content_type": 8, "object_id": 28, "liked_num": 0}}, {"model": "likes.likecount", "pk": 80, "fields": {"content_type": 8, "object_id": 27, "liked_num": 0}}, {"model": "likes.likecount", "pk": 81, "fields": {"content_type": 8, "object_id": 26, "liked_num": 0}}, {"model": "likes.likecount", "pk": 82, "fields": {"content_type": 8, "object_id": 25, "liked_num": 0}}, {"model": "likes.likecount", "pk": 83, "fields": {"content_type": 8, "object_id": 24, "liked_num": 0}}, {"model": "likes.likecount", "pk": 84, "fields": {"content_type": 8, "object_id": 23, "liked_num": 0}}, {"model": "likes.likecount", "pk": 85, "fields": {"content_type": 8, "object_id": 22, "liked_num": 0}}, {"model": "likes.likecount", "pk": 86, "fields": {"content_type": 8, "object_id": 21, "liked_num": 0}}, {"model": "likes.likecount", "pk": 87, "fields": {"content_type": 8, "object_id": 20, "liked_num": 0}}, {"model": "likes.likecount", "pk": 88, "fields": {"content_type": 8, "object_id": 19, "liked_num": 0}}, {"model": "likes.likecount", "pk": 89, "fields": {"content_type": 8, "object_id": 18, "liked_num": 0}}, {"model": "likes.likecount", "pk": 90, "fields": {"content_type": 8, "object_id": 17, "liked_num": 0}}, {"model": "likes.likecount", "pk": 91, "fields": {"content_type": 8, "object_id": 16, "liked_num": 0}}, {"model": "likes.likecount", "pk": 92, "fields": {"content_type": 8, "object_id": 15, "liked_num": 0}}, {"model": "likes.likecount", "pk": 93, "fields": {"content_type": 8, "object_id": 14, "liked_num": 0}}, {"model": "likes.likecount", "pk": 94, "fields": {"content_type": 8, "object_id": 13, "liked_num": 0}}, {"model": "likes.likecount", "pk": 95, "fields": {"content_type": 8, "object_id": 12, "liked_num": 0}}, {"model": "likes.likecount", "pk": 96, "fields": {"content_type": 8, "object_id": 38, "liked_num": 0}}, {"model": "likes.likecount", "pk": 97, "fields": {"content_type": 8, "object_id": 10, "liked_num": 0}}, {"model": "likes.likecount", "pk": 98, "fields": {"content_type": 8, "object_id": 9, "liked_num": 0}}, {"model": "likes.likecount", "pk": 99, "fields": {"content_type": 8, "object_id": 8, "liked_num": 0}}, {"model": "likes.likecount", "pk": 100, "fields": {"content_type": 8, "object_id": 7, "liked_num": 0}}, {"model": "likes.likecount", "pk": 101, "fields": {"content_type": 8, "object_id": 6, "liked_num": 0}}, {"model": "likes.likecount", "pk": 102, "fields": {"content_type": 11, "object_id": 67, "liked_num": 0}}, {"model": "likes.likecount", "pk": 103, "fields": {"content_type": 11, "object_id": 68, "liked_num": 0}}, {"model": "likes.likecount", "pk": 104, "fields": {"content_type": 11, "object_id": 69, "liked_num": 0}}, {"model": "likes.likecount", "pk": 105, "fields": {"content_type": 11, "object_id": 70, "liked_num": 0}}, {"model": "likes.likecount", "pk": 106, "fields": {"content_type": 11, "object_id": 72, "liked_num": 0}}, {"model": "likes.likecount", "pk": 107, "fields": {"content_type": 11, "object_id": 71, "liked_num": 0}}, {"model": "likes.likecount", "pk": 108, "fields": {"content_type": 11, "object_id": 73, "liked_num": 0}}, {"model": "likes.likecount", "pk": 109, "fields": {"content_type": 11, "object_id": 75, "liked_num": 0}}, {"model": "likes.likecount", "pk": 110, "fields": {"content_type": 11, "object_id": 74, "liked_num": 0}}, {"model": "likes.likecount", "pk": 111, "fields": {"content_type": 8, "object_id": 11, "liked_num": 0}}, {"model": "likes.likecount", "pk": 112, "fields": {"content_type": 8, "object_id": 5, "liked_num": 0}}, {"model": "likes.likecount", "pk": 113, "fields": {"content_type": 8, "object_id": 2, "liked_num": 0}}, {"model": "captcha.captchastore", "pk": 36, "fields": {"challenge": "RIEU", "response": "rieu", "hashkey": "6ca2b3bd700a648c89fbf77cb13d8b8bb57cb109", "expiration": "2018-07-21T12:57:11.943Z"}}, {"model": "captcha.captchastore", "pk": 37, "fields": {"challenge": "WKOK", "response": "wkok", "hashkey": "b55553eebb2abe2d70665c24b4cd96838b610ca4", "expiration": "2018-07-21T12:57:13.714Z"}}, {"model": "captcha.captchastore", "pk": 38, "fields": {"challenge": "QICV", "response": "qicv", "hashkey": "93810d8b078938a7b8580445faa2eba54dcf17ba", "expiration": "2018-07-21T12:57:26.653Z"}}, {"model": "captcha.captchastore", "pk": 40, "fields": {"challenge": "UUJU", "response": "uuju", "hashkey": "d58add72161deb82cfa0d31db554cb24043d68b7", "expiration": "2018-07-21T12:59:09.686Z"}}, {"model": "captcha.captchastore", "pk": 42, "fields": {"challenge": "DJRC", "response": "djrc", "hashkey": "5a3691271a012ec29dd8bd317b6ebb186bd7dde3", "expiration": "2018-07-21T12:59:24.719Z"}}, {"model": "captcha.captchastore", "pk": 43, "fields": {"challenge": "ZPGG", "response": "zpgg", "hashkey": "579b9fe032b59c3579d4ede9b36a2e78611a16b9", "expiration": "2018-07-21T12:59:32.923Z"}}, {"model": "captcha.captchastore", "pk": 45, "fields": {"challenge": "CSUM", "response": "csum", "hashkey": "c2a8cb92124c4b79c7d3e447a4620285dbd908df", "expiration": "2018-07-21T13:00:35.372Z"}}, {"model": "auth.permission", "pk": 1, "fields": {"name": "Can add log entry", "content_type": 1, "codename": "add_logentry"}}, {"model": "auth.permission", "pk": 2, "fields": {"name": "Can change log entry", "content_type": 1, "codename": "change_logentry"}}, {"model": "auth.permission", "pk": 3, "fields": {"name": "Can delete log entry", "content_type": 1, "codename": "delete_logentry"}}, {"model": "auth.permission", "pk": 4, "fields": {"name": "Can add permission", "content_type": 2, "codename": "add_permission"}}, {"model": "auth.permission", "pk": 5, "fields": {"name": "Can change permission", "content_type": 2, "codename": "change_permission"}}, {"model": "auth.permission", "pk": 6, "fields": {"name": "Can delete permission", "content_type": 2, "codename": "delete_permission"}}, {"model": "auth.permission", "pk": 7, "fields": {"name": "Can add group", "content_type": 3, "codename": "add_group"}}, {"model": "auth.permission", "pk": 8, "fields": {"name": "Can change group", "content_type": 3, "codename": "change_group"}}, {"model": "auth.permission", "pk": 9, "fields": {"name": "Can delete group", "content_type": 3, "codename": "delete_group"}}, {"model": "auth.permission", "pk": 10, "fields": {"name": "Can add user", "content_type": 4, "codename": "add_user"}}, {"model": "auth.permission", "pk": 11, "fields": {"name": "Can change user", "content_type": 4, "codename": "change_user"}}, {"model": "auth.permission", "pk": 12, "fields": {"name": "Can delete user", "content_type": 4, "codename": "delete_user"}}, {"model": "auth.permission", "pk": 13, "fields": {"name": "Can add content type", "content_type": 5, "codename": "add_contenttype"}}, {"model": "auth.permission", "pk": 14, "fields": {"name": "Can change content type", "content_type": 5, "codename": "change_contenttype"}}, {"model": "auth.permission", "pk": 15, "fields": {"name": "Can delete content type", "content_type": 5, "codename": "delete_contenttype"}}, {"model": "auth.permission", "pk": 16, "fields": {"name": "Can add session", "content_type": 6, "codename": "add_session"}}, {"model": "auth.permission", "pk": 17, "fields": {"name": "Can change session", "content_type": 6, "codename": "change_session"}}, {"model": "auth.permission", "pk": 18, "fields": {"name": "Can delete session", "content_type": 6, "codename": "delete_session"}}, {"model": "auth.permission", "pk": 19, "fields": {"name": "Can add blog type", "content_type": 7, "codename": "add_blogtype"}}, {"model": "auth.permission", "pk": 20, "fields": {"name": "Can change blog type", "content_type": 7, "codename": "change_blogtype"}}, {"model": "auth.permission", "pk": 21, "fields": {"name": "Can delete blog type", "content_type": 7, "codename": "delete_blogtype"}}, {"model": "auth.permission", "pk": 22, "fields": {"name": "Can add blog", "content_type": 8, "codename": "add_blog"}}, {"model": "auth.permission", "pk": 23, "fields": {"name": "Can change blog", "content_type": 8, "codename": "change_blog"}}, {"model": "auth.permission", "pk": 24, "fields": {"name": "Can delete blog", "content_type": 8, "codename": "delete_blog"}}, {"model": "auth.permission", "pk": 25, "fields": {"name": "Can add read num", "content_type": 9, "codename": "add_readnum"}}, {"model": "auth.permission", "pk": 26, "fields": {"name": "Can change read num", "content_type": 9, "codename": "change_readnum"}}, {"model": "auth.permission", "pk": 27, "fields": {"name": "Can delete read num", "content_type": 9, "codename": "delete_readnum"}}, {"model": "auth.permission", "pk": 28, "fields": {"name": "Can add read num", "content_type": 10, "codename": "add_readnum"}}, {"model": "auth.permission", "pk": 29, "fields": {"name": "Can change read num", "content_type": 10, "codename": "change_readnum"}}, {"model": "auth.permission", "pk": 30, "fields": {"name": "Can delete read num", "content_type": 10, "codename": "delete_readnum"}}, {"model": "auth.permission", "pk": 31, "fields": {"name": "Can add comment", "content_type": 11, "codename": "add_comment"}}, {"model": "auth.permission", "pk": 32, "fields": {"name": "Can change comment", "content_type": 11, "codename": "change_comment"}}, {"model": "auth.permission", "pk": 33, "fields": {"name": "Can delete comment", "content_type": 11, "codename": "delete_comment"}}, {"model": "auth.permission", "pk": 34, "fields": {"name": "Can add like count", "content_type": 12, "codename": "add_likecount"}}, {"model": "auth.permission", "pk": 35, "fields": {"name": "Can change like count", "content_type": 12, "codename": "change_likecount"}}, {"model": "auth.permission", "pk": 36, "fields": {"name": "Can delete like count", "content_type": 12, "codename": "delete_likecount"}}, {"model": "auth.permission", "pk": 37, "fields": {"name": "Can add like record", "content_type": 13, "codename": "add_likerecord"}}, {"model": "auth.permission", "pk": 38, "fields": {"name": "Can change like record", "content_type": 13, "codename": "change_likerecord"}}, {"model": "auth.permission", "pk": 39, "fields": {"name": "Can delete like record", "content_type": 13, "codename": "delete_likerecord"}}, {"model": "auth.permission", "pk": 40, "fields": {"name": "Can add profile", "content_type": 14, "codename": "add_profile"}}, {"model": "auth.permission", "pk": 41, "fields": {"name": "Can change profile", "content_type": 14, "codename": "change_profile"}}, {"model": "auth.permission", "pk": 42, "fields": {"name": "Can delete profile", "content_type": 14, "codename": "delete_profile"}}, {"model": "auth.permission", "pk": 43, "fields": {"name": "Can add captcha store", "content_type": 15, "codename": "add_captchastore"}}, {"model": "auth.permission", "pk": 44, "fields": {"name": "Can change captcha store", "content_type": 15, "codename": "change_captchastore"}}, {"model": "auth.permission", "pk": 45, "fields": {"name": "Can delete captcha store", "content_type": 15, "codename": "delete_captchastore"}}, {"model": "auth.user", "pk": 1, "fields": {"password": "pbkdf2_sha256$100000$pBFO8Y2Rv0J6$YZmet6zhtmvkZRpXQ0nre4ZVFdmR3Skdp1KtAThu1Uk=", "last_login": "2018-07-21T12:55:25.813Z", "is_superuser": true, "username": "admin", "first_name": "", "last_name": "", "email": "2936739490@qq.com", "is_staff": true, "is_active": true, "date_joined": "2018-07-11T02:21:54.861Z", "groups": [], "user_permissions": []}}, {"model": "auth.user", "pk": 2, "fields": {"password": "pbkdf2_sha256$100000$2E7ohsBWKuKl$hJMKUZBUCOr0+y8gKqaO/IrCC04sNt2qBalIUENHV+o=", "last_login": null, "is_superuser": false, "username": "\u6768\u4ed5\u822a", "first_name": "", "last_name": "", "email": "", "is_staff": false, "is_active": true, "date_joined": "2018-05-24T06:16:55.996Z", "groups": [], "user_permissions": []}}, {"model": "auth.user", "pk": 3, "fields": {"password": "pbkdf2_sha256$100000$iLBF38U98PVl$HefkHZBJBlvWVA2Q7PxHDAGhIaudR7q2lkr7PVITg+U=", "last_login": "2018-07-19T14:05:28.526Z", "is_superuser": false, "username": "\u8d35\u798f\u80dc", "first_name": "", "last_name": "", "email": "1963119101@qq.com", "is_staff": false, "is_active": true, "date_joined": "2018-07-16T14:27:11.489Z", "groups": [], "user_permissions": []}}, {"model": "auth.user", "pk": 4, "fields": {"password": "pbkdf2_sha256$100000$XTSEfYtgCXfW$srh61jkXfpH4T70Ci/nTgMQGAAPQQ77LJErIMDTADuI=", "last_login": "2018-07-21T07:37:07.875Z", "is_superuser": false, "username": "\u674e\u660e\u6708", "first_name": "", "last_name": "", "email": "1234@qq.com", "is_staff": false, "is_active": true, "date_joined": "2018-07-16T14:32:14.353Z", "groups": [], "user_permissions": []}}, {"model": "auth.user", "pk": 5, "fields": {"password": "pbkdf2_sha256$100000$NzKRze3wZRwa$Gp1HUid5AGMB473JIoNZZbvc9W2+wVp0B1+gjEqEepI=", "last_login": "2018-07-16T14:35:39.743Z", "is_superuser": false, "username": "\u674e\u6797\u6d69", "first_name": "", "last_name": "", "email": "xiaohao@qq.com", "is_staff": false, "is_active": true, "date_joined": "2018-07-16T14:33:52.275Z", "groups": [], "user_permissions": []}}, {"model": "auth.user", "pk": 6, "fields": {"password": "pbkdf2_sha256$100000$PTOJUWUusnmw$11gzijZpRMp9ef+CYblbpS7J17y4sP6sNM4hwlibFIU=", "last_login": "2018-07-18T12:32:19.285Z", "is_superuser": false, "username": "\u9ece\u660e1", "first_name": "", "last_name": "", "email": "admin@qq.com", "is_staff": false, "is_active": true, "date_joined": "2018-07-18T12:32:19.035Z", "groups": [], "user_permissions": []}}, {"model": "auth.user", "pk": 7, "fields": {"password": "pbkdf2_sha256$100000$IWsvJj0XROHs$7G896ZdFpZn9YdTcpqHcXmZSn97NzNDIzFoGQr66JAw=", "last_login": "2018-07-19T14:08:50.397Z", "is_superuser": false, "username": "\u5f20\u7433", "first_name": "", "last_name": "", "email": "", "is_staff": false, "is_active": true, "date_joined": "2018-07-19T14:08:08.132Z", "groups": [], "user_permissions": []}}, {"model": "auth.user", "pk": 8, "fields": {"password": "pbkdf2_sha256$100000$Sz9WB5jgXkGA$5LEe0aIKh+iHxOIq5BTIC293p0EjCrIo9kdzyY1Qucc=", "last_login": "2018-07-20T04:11:14.751Z", "is_superuser": false, "username": "\u6a59\u5b50\u6602", "first_name": "", "last_name": "", "email": "17120362@bjtu.edu.cn", "is_staff": false, "is_active": true, "date_joined": "2018-07-20T04:11:14.567Z", "groups": [], "user_permissions": []}}, {"model": "blog.blog", "pk": 1, "fields": {"title": "2018\u5e747\u670811\u65e5\u535a\u5ba2", "blog_type": 1, "content": "\u6211\u4eec\u5728\u5b66\u4e60\u548c\u5f00\u53d1Django\u7684\u65f6\u5019\uff0c\u4e00\u822c\u662f\u4f7f\u7528SQLite\u4f5c\u4e3a\u6570\u636e\u5e93\u3002\u5728\u6b63\u5f0f\u8bb2\u7f51\u7ad9\u90e8\u7f72\u4e0a\u7ebf\u662f\u7528MySQL\u6570\u636e\u5e93\u6bd4\u8f83\u591a\u3002MySQL\u652f\u6301\u9ad8\u5e76\u53d1\u7684\u8bbf\u95ee\uff0c\u800c\u4e14\u76f8\u5bf9\u4e8eSQLite\uff0cMySQL\u6027\u80fd\u66f4\u597d\u3002\u4e0b\u9762\u8bb2\u8bb2\u5982\u4f55\u5728Django\u4e0b\u5b89\u88c5\u548c\u4f7f\u7528MySQL\u3002", "author": 1, "created_time": "2018-07-11T02:35:45.373Z", "last_updated_time": "2018-07-11T02:35:45.373Z"}}, {"model": "blog.blog", "pk": 2, "fields": {"title": "django-ckeditor\u540e\u53f0\u5bcc\u6587\u672c\u7f16\u8f91\u5668", "blog_type": 1, "content": "\u4e4b\u524d\u5199\u8fc7Django\u5bcc\u6587\u672c\u7f16\u8f91\u5668\u7684\u6587\u7ae0\uff0c\u4f7f\u7528UEditor\u6539\u9020\u524d\u7aef\u9875\u9762\u7684\u5bcc\u6587\u672c\u7f16\u8f91\u5668\u3002\u7528\u8d77\u6765\u611f\u89c9\u4e00\u822c\uff0c\u800c\u4e14\u597d\u50cf\u767e\u5ea6\u5df2\u7ecf\u5f88\u4e45\u6ca1\u6709\u7ef4\u62a4\u4e86\u3002\u8fd1\u671f\u5728\u5f55\u5236Django2.0\u89c6\u9891\u6559\u7a0b\uff0c\u9700\u8981\u4e00\u6b3e\u66f4\u597d\u7684\u5bcc\u6587\u672c\u7f16\u8f91\u5668\u4f5c\u4e3a\u6559\u7a0b\u5185\u5bb9\u8bb2\u89e3\u3002\u9700\u8981\u4f7f\u7528\u65b9\u4fbf\u3001\u914d\u7f6e\u7b80\u5355\u3001\u53ef\u4e0a\u4f20\u56fe\u7247\u3001\u53ef\u67e5\u770b\u548c\u7f16\u8f91html\u6e90\u7801\u7684\u5bcc\u6587\u672c\u7f16\u8f91\u5668\u3002\u6700\u540e\u627e\u5230django-ckeditor\u3002\r\ndjango-ckeditor\u662f\u96c6\u6210ckeditor\u5bcc\u6587\u672c\u7f16\u8f91\u5668\u7684django\u7b2c\u4e09\u65b9\u5e93\u3002\u53ef\u5728admin\u540e\u53f0\u4f7f\u7528ckeditor\u5bcc\u6587\u672c\u7f16\u8f91\u5668\u7f16\u8f91\u5185\u5bb9\uff0c\u53e6\u9875\u9762\u66f4\u52a0\u4e30\u5bcc\u3002\u540c\u65f6\u8be5\u5bcc\u6587\u672c\u7f16\u8f91\u5668\u4e5f\u53ef\u7528\u4e8eform\u7c7b\u3002\u5177\u4f53\u8bf4\u660e\u53ef\u89c1pypi\u3002\u63a5\u4e0b\u6765\u5177\u4f53\u8bb2\u89e3\u5982\u4f55\u4f7f\u7528\u3002\r\n\u672c\u6587\u4f7f\u7528\u5230\u7684\u76f8\u5173\u7248\u672c\uff1a  Python 3.6  Django 2.0  django-ckeditor 5.4.0  Pillow 5.0.0", "author": 1, "created_time": "2018-07-11T06:24:42.205Z", "last_updated_time": "2018-07-11T06:24:42.205Z"}}, {"model": "blog.blog", "pk": 3, "fields": {"title": "Python\u64cd\u4f5cExcel", "blog_type": 4, "content": "Python\u64cd\u4f5cExcel\uff0c\u8bfb\u5199xls/xlsx\u6587\u4ef6\u5df2\u7ecf\u6709\u4e0d\u5c11\u4f18\u79c0\u7684\u5e93\u3002\r\n\u4f8b\u5982xlrd, xlsxwriter\uff0c\u8fd8\u6709\u5fae\u8f6f\u81ea\u5df1\u5f00\u53d1\u7684pyvot\u3002\r\n\u5047\u5982\uff0c\u4f60\u7528\u7684\u662fwindows\u7cfb\u7edf\uff0c\u800c\u4e14\u5b89\u88c5\u4e86Office\u3002\u6700\u5168\u9762\u7684\u64cd\u4f5c\u65b9\u5f0f\uff08\u5f53\u7136\uff0c\u4e5f\u662f\u6700\u8d39\u8d44\u6e90\u7684\u64cd\u4f5c\u65b9\u5f0f\uff09\u662fPython\u521b\u5efaExcel\u5bf9\u8c61\uff0c\u76f4\u63a5\u64cd\u4f5cExcel\u3002\u8be5\u65b9\u6cd5\u53ef\u4ee5\u5b8c\u7f8e\u79fb\u690dExcel vba\u4ee3\u7801\u3002\u4e5f\u5c31\u662f\u8bf4\uff0c\u6211\u4eec\u53ef\u4ee5\u539f\u751f\u6001\u7684\u65b9\u5f0f\u5904\u7406\u8be5\u7c7b\u95ee\u9898\u3002\r\n\u5982\u679c\u4f60\u53ea\u662f\u7b80\u5355\u8bfb\u5199\u5355\u5143\u683c\u7684\u503c\uff0c\u5efa\u8bae\u4e0d\u8981\u7528\u8fd9\u79cd\u65b9\u5f0f\uff0c\u56e0\u4e3a\u76f8\u5bf9\u8017\u8d44\u6e90\u3002\r\n\u5982\u679c\u4f60\u8981\u5904\u7406\u5355\u5143\u683c\u683c\u5f0f\u3001\u6761\u4ef6\u683c\u5f0f\u3001\u56fe\u8868\u7b49\u7b49\u590d\u6742\u7684\u4e1c\u897f\uff0c\u63a8\u8350\u8be5\u65b9\u5f0f\uff0c\u7a33\u5b9a\u4e14\u65b9\u4fbf\u3002\r\n\r\n\u4f7f\u7528\u8be5\u65b9\u5f0f\u6709\u524d\u63d0\uff1a\u9700\u8981\u5b89\u88c5win32com\u3002\r\nwin32com\u7ec4\u4ef6\u53ef\u4ee5\u5728https://sourceforge.net/projects/pywin32/files/pywin32\u4e0b\u8f7d\uff0c\u6839\u636e\u7cfb\u7edf\u548cPython\u7248\u672c\u9009\u62e9\u5bf9\u5e94\u7684\u7248\u672c\u3002\u4e0b\u8f7d\u5b89\u88c5\u5b8c\u6210\u4e4b\u540e\uff0c\u7ee7\u7eed\u5f80\u4e0b\u770b\u5185\u5bb9\u3002", "author": 1, "created_time": "2018-07-11T06:31:01.104Z", "last_updated_time": "2018-07-11T06:31:01.105Z"}}, {"model": "blog.blog", "pk": 4, "fields": {"title": "Python\u8bfb\u5199XML\u6587\u6863(lxml\u65b9\u5f0f)", "blog_type": 4, "content": "\u8bfb\u5199xml\u6587\u6863\u53ef\u4ee5\u8bf4\u662fpython\u57fa\u7840\u3002\u524d\u6bb5\u65f6\u95f4\u4e00\u76f4\u7528xml.dom\u7684\u65b9\u5f0f\u8bfb\u5199xml\u6587\u6863\u3002\u4f46\u7528\u8d77\u6765\u6bd4\u8f83\u7e41\u7410\uff0c\u5c24\u5176\u662f\u8bfb\u5199\u6587\u672c\u7684\u65f6\u5019\u7279\u522b\u9ebb\u70e6\u3002\u5bfb\u601d\u6362\u4e00\u79cd\u65b0\u7684\u65b9\u5f0f\u8bfb\u5199xml\u3002\r\n\u8fd9\u4e2alxml\u548cxml.etree.ElementTree\u4e24\u4e2a\u7684\u64cd\u4f5c\u65b9\u5f0f\u770b\u8d77\u6765\u5dee\u4e0d\u591a\u3002xml.etree.ElementTree\u4e5f\u662f\u8bfb\u5199xml\u6587\u6863\u7684\u4e00\u79cd\u65b9\u5f0f\u3002lxml\u8981\u66f4\u597d\u4e00\u4e9b\uff0c\u4f7f\u7528\u66f4\u7b80\u6d01\u3002\u89e3\u6790xml\u7684\u65f6\u5019\uff0c\u81ea\u52a8\u5904\u7406\u5404\u79cd\u7f16\u7801\u95ee\u9898\u3002\u800c\u4e14\u5b83\u5929\u751f\u652f\u6301 XPath 1.0\u3001XSLT 1.0\u3001\u5b9a\u5236\u5143\u7d20\u7c7b\u3002\r\n\u4e0d\u8fc7\uff0clxml\u4e0d\u662fPython\u81ea\u5e26\u7684\u6807\u51c6\u5e93\u3002\u9700\u8981\u81ea\u5df1\u5b89\u88c5\uff0c\u5982\u4e0b\u65b9\u5f0f\u5b89\u88c5\uff1apip install lxml", "author": 1, "created_time": "2018-07-11T06:46:32.208Z", "last_updated_time": "2018-07-11T06:46:32.208Z"}}, {"model": "blog.blog", "pk": 5, "fields": {"title": "for 1", "blog_type": 1, "content": "xxxx:1 xxxxyyyyy", "author": 1, "created_time": "2018-07-11T13:30:48.967Z", "last_updated_time": "2018-07-11T13:30:48.967Z"}}, {"model": "blog.blog", "pk": 6, "fields": {"title": "for 1", "blog_type": 1, "content": "xxxx:1 xxxxyyyyy", "author": 1, "created_time": "2018-07-11T13:32:02.677Z", "last_updated_time": "2018-07-11T13:32:02.677Z"}}, {"model": "blog.blog", "pk": 7, "fields": {"title": "for 2", "blog_type": 1, "content": "xxxx:2 xxxxyyyyy", "author": 1, "created_time": "2018-07-11T13:32:02.688Z", "last_updated_time": "2018-07-11T13:32:02.688Z"}}, {"model": "blog.blog", "pk": 8, "fields": {"title": "for 3", "blog_type": 1, "content": "xxxx:3 xxxxyyyyy", "author": 1, "created_time": "2018-07-11T13:32:02.699Z", "last_updated_time": "2018-07-11T13:32:02.699Z"}}, {"model": "blog.blog", "pk": 9, "fields": {"title": "for 4", "blog_type": 1, "content": "xxxx:4 xxxxyyyyy", "author": 1, "created_time": "2018-07-11T13:32:02.709Z", "last_updated_time": "2018-07-11T13:32:02.709Z"}}, {"model": "blog.blog", "pk": 10, "fields": {"title": "for 5", "blog_type": 1, "content": "xxxx:5 xxxxyyyyy", "author": 1, "created_time": "2018-07-11T13:32:02.717Z", "last_updated_time": "2018-07-11T13:32:02.717Z"}}, {"model": "blog.blog", "pk": 11, "fields": {"title": "for 6", "blog_type": 1, "content": "xxxx:6 xxxxyyyyy", "author": 1, "created_time": "2018-07-11T13:32:02.724Z", "last_updated_time": "2018-07-11T13:32:02.724Z"}}, {"model": "blog.blog", "pk": 12, "fields": {"title": "for 7", "blog_type": 1, "content": "xxxx:7 xxxxyyyyy", "author": 1, "created_time": "2018-07-11T13:32:02.731Z", "last_updated_time": "2018-07-11T13:32:02.731Z"}}, {"model": "blog.blog", "pk": 13, "fields": {"title": "for 8", "blog_type": 1, "content": "xxxx:8 xxxxyyyyy", "author": 1, "created_time": "2018-07-11T13:32:02.739Z", "last_updated_time": "2018-07-11T13:32:02.739Z"}}, {"model": "blog.blog", "pk": 14, "fields": {"title": "for 9", "blog_type": 1, "content": "xxxx:9 xxxxyyyyy", "author": 1, "created_time": "2018-07-11T13:32:02.747Z", "last_updated_time": "2018-07-11T13:32:02.747Z"}}, {"model": "blog.blog", "pk": 15, "fields": {"title": "for 10", "blog_type": 1, "content": "xxxx:10 xxxxyyyyy", "author": 1, "created_time": "2018-07-11T13:32:02.755Z", "last_updated_time": "2018-07-11T13:32:02.755Z"}}, {"model": "blog.blog", "pk": 16, "fields": {"title": "for 11", "blog_type": 1, "content": "xxxx:11 xxxxyyyyy", "author": 1, "created_time": "2018-07-11T13:32:02.763Z", "last_updated_time": "2018-07-11T13:32:02.763Z"}}, {"model": "blog.blog", "pk": 17, "fields": {"title": "for 12", "blog_type": 1, "content": "xxxx:12 xxxxyyyyy", "author": 1, "created_time": "2018-07-11T13:32:02.770Z", "last_updated_time": "2018-07-11T13:32:02.770Z"}}, {"model": "blog.blog", "pk": 18, "fields": {"title": "for 13", "blog_type": 1, "content": "xxxx:13 xxxxyyyyy", "author": 1, "created_time": "2018-07-11T13:32:02.778Z", "last_updated_time": "2018-07-11T13:32:02.778Z"}}, {"model": "blog.blog", "pk": 19, "fields": {"title": "for 14", "blog_type": 1, "content": "xxxx:14 xxxxyyyyy", "author": 1, "created_time": "2018-07-11T13:32:02.786Z", "last_updated_time": "2018-07-11T13:32:02.786Z"}}, {"model": "blog.blog", "pk": 20, "fields": {"title": "for 15", "blog_type": 1, "content": "xxxx:15 xxxxyyyyy", "author": 1, "created_time": "2018-07-11T13:32:02.793Z", "last_updated_time": "2018-07-11T13:32:02.793Z"}}, {"model": "blog.blog", "pk": 21, "fields": {"title": "for 16", "blog_type": 1, "content": "xxxx:16 xxxxyyyyy", "author": 1, "created_time": "2018-07-11T13:32:02.801Z", "last_updated_time": "2018-07-11T13:32:02.801Z"}}, {"model": "blog.blog", "pk": 22, "fields": {"title": "for 17", "blog_type": 1, "content": "xxxx:17 xxxxyyyyy", "author": 1, "created_time": "2018-07-11T13:32:02.808Z", "last_updated_time": "2018-07-11T13:32:02.808Z"}}, {"model": "blog.blog", "pk": 23, "fields": {"title": "for 18", "blog_type": 1, "content": "xxxx:18 xxxxyyyyy", "author": 1, "created_time": "2018-07-11T13:32:02.815Z", "last_updated_time": "2018-07-11T13:32:02.815Z"}}, {"model": "blog.blog", "pk": 24, "fields": {"title": "for 19", "blog_type": 1, "content": "xxxx:19 xxxxyyyyy", "author": 1, "created_time": "2018-07-11T13:32:02.823Z", "last_updated_time": "2018-07-11T13:32:02.823Z"}}, {"model": "blog.blog", "pk": 25, "fields": {"title": "for 20", "blog_type": 1, "content": "xxxx:20 xxxxyyyyy", "author": 1, "created_time": "2018-07-11T13:32:02.831Z", "last_updated_time": "2018-07-11T13:32:02.831Z"}}, {"model": "blog.blog", "pk": 26, "fields": {"title": "for 21", "blog_type": 1, "content": "xxxx:21 xxxxyyyyy", "author": 1, "created_time": "2018-07-11T13:32:02.846Z", "last_updated_time": "2018-07-11T13:32:02.846Z"}}, {"model": "blog.blog", "pk": 27, "fields": {"title": "for 22", "blog_type": 1, "content": "xxxx:22 xxxxyyyyy", "author": 1, "created_time": "2018-07-11T13:32:02.854Z", "last_updated_time": "2018-07-11T13:32:02.854Z"}}, {"model": "blog.blog", "pk": 28, "fields": {"title": "for 23", "blog_type": 1, "content": "xxxx:23 xxxxyyyyy", "author": 1, "created_time": "2018-07-11T13:32:02.862Z", "last_updated_time": "2018-07-11T13:32:02.862Z"}}, {"model": "blog.blog", "pk": 29, "fields": {"title": "for 24", "blog_type": 1, "content": "xxxx:24 xxxxyyyyy", "author": 1, "created_time": "2018-07-11T13:32:02.870Z", "last_updated_time": "2018-07-11T13:32:02.870Z"}}, {"model": "blog.blog", "pk": 30, "fields": {"title": "for 25", "blog_type": 1, "content": "xxxx:25 xxxxyyyyy", "author": 1, "created_time": "2018-07-11T13:32:02.878Z", "last_updated_time": "2018-07-11T13:32:02.878Z"}}, {"model": "blog.blog", "pk": 31, "fields": {"title": "for 26", "blog_type": 1, "content": "<p><img alt=\"\" src=\"/media/upload/2018/07/17/1.png\" style=\"height:53px; width:80px\" /></p>\r\n\r\n<p>xxxx:26 xxxxyyyyy</p>", "author": 1, "created_time": "2018-07-11T13:32:02.886Z", "last_updated_time": "2018-07-17T14:10:40.530Z"}}, {"model": "blog.blog", "pk": 32, "fields": {"title": "for 27", "blog_type": 1, "content": "xxxx:27 xxxxyyyyy", "author": 1, "created_time": "2018-07-11T13:32:02.893Z", "last_updated_time": "2018-07-11T13:32:02.893Z"}}, {"model": "blog.blog", "pk": 33, "fields": {"title": "for 28", "blog_type": 1, "content": "xxxx:28 xxxxyyyyy", "author": 1, "created_time": "2018-07-11T13:32:02.901Z", "last_updated_time": "2018-07-11T13:32:02.901Z"}}, {"model": "blog.blog", "pk": 34, "fields": {"title": "python\u83b7\u53d6\u5317\u4eac\u65f6\u95f4", "blog_type": 4, "content": "<p><img alt=\"\" src=\"/media/upload/2018/04/19/3.png\" style=\"height:120px; width:180px\" /></p>\r\n\r\n<p>python\u7f51\u7edc\u6a21\u5757\u662f\u5f88\u53d1\u8fbe\u7684\uff0c\u4e0d\u4ec5\u53ef\u4ee5\u8bbf\u95ee\u67d0\u4e2a\u9875\u9762\uff0c\u4e5f\u53ef\u4ee5\u722c\u53d6\u5927\u91cf\u7684\u6570\u636e\u3002</p>\r\n\r\n<p>\u73b0\u5c06\u7b80\u5355\u6f14\u793a\u5982\u4f55\u83b7\u53d6\u5317\u4eac\u65f6\u95f4\u3002\u8be5\u7ec3\u4e60\u5f88\u597d\u6574\u5408\u4e86\u5f88\u591a\u77e5\u8bc6\u70b9\u3002(\u6ce8\uff1a\u672c\u6587\u5728python2.7\u73af\u5883\u5f00\u53d1)</p>\r\n\r\n<p>\u5148\u5206\u6790\u4e00\u4e0b\uff0c\u6211\u4eec\u5982\u4f55\u83b7\u53d6\u5317\u4eac\u65f6\u95f4\uff1a</p>\r\n\r\n<p>\u6253\u5f00 <a href=\"http://open.baidu.com/special/time\">http://open.baidu.com/special/time/</a></p>\r\n\r\n<p>\u8be5\u7f51\u7ad9\u53ef\u4ee5\u5f97\u5230\u5317\u4eac\u65f6\u95f4\u3002\u901a\u8fc7html\u4ee3\u7801\u770b\u5230\u8fd9\u4e2a\u4f4d\u7f6e\uff1a</p>\r\n\r\n<p>&nbsp;</p>", "author": 2, "created_time": "2018-07-11T13:32:02.909Z", "last_updated_time": "2018-07-13T01:59:48.747Z"}}, {"model": "blog.blog", "pk": 35, "fields": {"title": "for 30", "blog_type": 1, "content": "xxxx:30 xxxxyyyyy", "author": 1, "created_time": "2018-07-11T13:32:02.916Z", "last_updated_time": "2018-07-12T14:30:21.564Z"}}, {"model": "blog.blog", "pk": 36, "fields": {"title": "QuerySet\u67e5\u8be2\u57fa\u7840", "blog_type": 4, "content": "\u4e00\u5f00\u59cb\u4f7f\u7528Django\u7684QuerySet\u83b7\u53d6\u6570\u636e\u4e0d\u592a\u4e60\u60ef\u3002\u7b80\u5355\u7684\u6761\u4ef6\u53ef\u4ee5\u901a\u8fc7get\u6216filter\u83b7\u53d6\uff0c\u4f46\u590d\u6742\u7684\u6211\u603b\u662f\u7528SQL\u8bed\u53e5\u67e5\u8be2\u5f97\u5230\u3002\u968f\u7740\u63a5\u89e6QuerySet\u8d8a\u6765\u8d8a\u591a\uff0c\u53d1\u73b0\u5b83\u76f8\u5f53\u950b\u5229\u3001\u5065\u5168\u3002\r\nQuerySet\u662fDjango\u7684\u67e5\u8be2\u96c6\uff0c\u53ef\u4ee5\u901a\u8fc7QuerySet\u6761\u4ef6\u67e5\u8be2\u5f97\u5230\u5bf9\u5e94\u6a21\u578b\u7684\u5bf9\u8c61\u96c6\u5408\u3002\r\n\u76f8\u5bf9\u76f4\u63a5\u4f7f\u7528SQL\u800c\u8a00\uff0cQuerySet\u53ef\u4ee5\u9632\u6b62\u5927\u90e8\u5206SQL\u6ce8\u5165\uff0c\u800c\u4e14\u63d0\u9ad8\u4ee3\u7801\u53ef\u8bfb\u6027\u3002\u6bd5\u7adfDjango\u7684\u6a21\u578b\u548c\u5177\u4f53\u8868\u540d\u4e0d\u592a\u4e00\u6837\uff0c\u9700\u8981\u67e5\u9605\u624d\u5f97\u77e5\u8868\u540d\uff0c\u800c\u4e14\u5199\u4e00\u5927\u4e32SQL\u4ee3\u7801\u53ef\u80fd\u76f4\u63a5\u628a\u4eba\u770b\u6655\u3002\u5047\u5982\u78b0\u5230\u6a21\u578b\u53d8\u52a8\uff08\u6539\u540d\u3001\u589e\u5220\u5b57\u6bb5\u7b49\uff09\uff0cSQL\u53ef\u80fd\u53c8\u8981\u91cd\u65b0\u8c03\u6574\u3002\u6240\u4ee5\uff0c\u80fd\u4f7f\u7528QuerySet\u7684\u60c5\u51b5\u4e0b\uff0c\u6700\u597d\u4f7f\u7528QuerySet\u3002\r\n\u8fd8\u6709\u91cd\u8981\u4e00\u70b9\uff0cQuerySet\u662f\u61d2\u60f0\u7684\u3002\r\n\u521b\u5efa\u4e00\u4e2aQuerySet\u5bf9\u8c61\uff0c\u5b83\u4e0d\u4f1a\u76f4\u63a5\u8fd4\u56de\u6570\u636e\u96c6\u3002\u7b49\u5230\u4f7f\u7528\u5b83\u7684\u65f6\u5019\uff0c\u624d\u89e3\u6790\u8be5\u5bf9\u8c61\u5f97\u5230\u6570\u636e\u96c6\u3002\u800c\u4e14\u89e3\u6790\u8fc7\u4e00\u6b21\u4f1a\u88ab\u7f13\u5b58\u8d77\u6765\uff0c\u4e0b\u6b21\u4f7f\u7528\u65f6\u76f4\u63a5\u8fd4\u56de\u7f13\u5b58\u4e2d\u7684\u6570\u636e\uff0c\u7f13\u5b58\u7684\u4f7f\u7528\u63d0\u9ad8\u591a\u6b21\u67e5\u8be2\u7684\u6548\u7387\u3002\r\n\u9274\u4e8e\u4e60\u60ef\u4f7f\u7528SQL\uff0c\u6216\u8005\u4ece\u6761\u4ef6\u89d2\u5ea6\u51fa\u53d1\u3002\u6211\u603b\u7ed3QuerySet\u67e5\u8be2\u5982\u4e0b\uff08\u7528\u4fef\u89c6\u7684\u89c6\u89d2\u5b66\u4e60\uff09\u3002", "author": 1, "created_time": "2018-06-08T06:14:44.996Z", "last_updated_time": "2018-06-08T06:14:44.996Z"}}, {"model": "blog.blog", "pk": 37, "fields": {"title": "Python\u722c\u866b\u5165\u95e8 (\u770b\u8fd9\u7bc7\u5c31\u591f\u4e86)", "blog_type": 4, "content": "1\u3001\u4ec0\u4e48\u662f\u722c\u866b\u548c\u722c\u866b\u7684\u57fa\u672c\u903b\u8f91\r\n\u201c\u722c\u866b\u201d\u662f\u4e00\u79cd\u5f62\u8c61\u7684\u8bf4\u6cd5\u3002\u4e92\u8054\u7f51\u6bd4\u55bb\u6210\u4e00\u5f20\u5927\u7f51\uff0c\u722c\u866b\u662f\u4e00\u4e2a\u7a0b\u5e8f\u6216\u811a\u672c\u5728\u8fd9\u79cd\u5927\u7f51\u4e0a\u722c\u8d70\u3002\u78b0\u5230\u866b\u5b50\uff08\u8d44\u6e90\uff09\uff0c\u82e5\u662f\u6240\u9700\u7684\u8d44\u6e90\u5c31\u83b7\u53d6\u6216\u4e0b\u8f7d\u4e0b\u6765\u3002\u8fd9\u4e2a\u8d44\u6e90\u901a\u5e38\u662f\u7f51\u9875\u3001\u6587\u4ef6\u7b49\u7b49\u3002\u53ef\u4ee5\u901a\u8fc7\u8be5\u8d44\u6e90\u91cc\u9762\u7684url\u94fe\u63a5\uff0c\u987a\u85e4\u6478\u74dc\u7ee7\u7eed\u722c\u53d6\u8fd9\u4e9b\u94fe\u63a5\u7684\u8d44\u6e90\u3002\r\n\u4f60\u4e5f\u53ef\u4ee5\u628a\u722c\u866b\u5f53\u4f5c\u6a21\u62df\u6211\u4eec\u6b63\u5e38\u4e0a\u7f51\u3002\u6253\u5f00\u7f51\u9875\u5e76\u5206\u6790\u7f51\u9875\u7684\u5185\u5bb9\u83b7\u53d6\u6211\u4eec\u60f3\u8981\u7684\u4e1c\u897f\u3002\r\n\u90a3\u4e48\uff0c\u8fd9\u91cc\u5c31\u6d89\u53ca\u5230http\u4f20\u8f93\u534f\u8bae\u7b49\u76f8\u5173\u7684\u77e5\u8bc6\u3002\r\n\u6211\u4eec\u901a\u5e38\u6253\u5f00\u4e00\u4e2a\u7f51\u9875\uff0c\u57fa\u672c\u4e0a\u90fd\u662f\u6253\u5f00\u4e00\u4e2aUrl\u94fe\u63a5\u5373\u53ef\u3002\u5728\u8fd9\u4e2a\u8fc7\u7a0b\u5f53\u4e2d\uff0c\u5b9e\u9645\u4e0a\u53d1\u751f\u4e86\u5f88\u591a\u4e8b\u60c5\u3002\r\n\u6253\u5f00\u4e00\u4e2aUrl\u94fe\u63a5\uff0c\u6d4f\u89c8\u5668\u81ea\u52a8\u5411Url\u94fe\u63a5\u7684\u670d\u52a1\u5668\u53d1\u9001\u4e00\u4e2a\u8bf7\u6c42(Request)\uff0c\u544a\u8bc9\u670d\u52a1\u5668\u8bf4\u6211\u9700\u8981\u8bbf\u95ee\u8fd9\u4e2aUrl\u94fe\u63a5\u7684\u5185\u5bb9\uff0c\u8bf7\u8fd4\u56de\u6570\u636e\u7ed9\u6211\u3002\u670d\u52a1\u5668\u5c31\u5904\u7406\u8be5\u8bf7\u6c42\uff0c\u54cd\u5e94\u8be5\u8bf7\u6c42\u5e76\u8fd4\u56de\u7ed3\u679c\u7ed9\u6d4f\u89c8\u5668\u3002\r\n\u65e2\u7136\u722c\u866b\u9700\u8981\u6a21\u62df\u8be5\u8fc7\u7a0b\u3002\u6839\u636ehttp\u534f\u8bae\uff0c\u722c\u866b\u9700\u8981\u6784\u9020\u4e00\u4e2a\u8bf7\u6c42(Request)\uff0c\u53d1\u5230\u8bf7\u6c42\u5230\u76ee\u6807\u670d\u52a1\u5668(\u901a\u5e38\u662fUrl\u94fe\u63a5)\u3002\u7136\u540e\u7b49\u5f85\u670d\u52a1\u5668\u7684\u54cd\u5e94(Response)\u3002\r\n\u6240\u6709\u76f8\u5173\u7684\u6570\u636e\u90fd\u5728\u8fd9\u4e2a\u54cd\u5e94\u7ed3\u679c\u5f53\u4e2d\uff0c\u8fd9\u4e2a\u5c31\u662f\u722c\u866b\u5b9e\u73b0\u7684\u57fa\u672c\u903b\u8f91\u3002\r\n\r\n2\u3001urllib2\u5b9e\u73b0GET\u8bf7\u6c42\r\nGET\u548cPOST\u662f\u8bf7\u6c42\u4e2d\u6700\u5e38\u89c1\u7684\u4e24\u79cd\u65b9\u5f0f\u3002(\u4e00\u5171\u67096\u79cd)\r\nGET\u65b9\u5f0f\u662f\u901a\u8fc7Url\u94fe\u63a5\u7684\u65b9\u5f0f\u4f20\u8f93\u76f8\u5173\u7684\u53c2\u6570\u6216\u6570\u636e\u3002\u4e00\u822c\u6253\u5f00\u7f51\u5740\u662fGET\u65b9\u5f0f\u8bf7\u6c42\uff0c\u4f8b\u5982\u6253\u5f00\u767e\u5ea6\u9996\u9875\u3001\u8c37\u6b4c\u9996\u9875\u3002\r\n\u6709\u65f6\u5019\uff0c\u9700\u8981\u5411\u8fd9\u4e2a\u94fe\u63a5\u4f20\u8f93\u4e00\u4e9b\u53c2\u6570\u3002\r\n\u4f8b\u5982\u6211\u5728\u767e\u5ea6\u641c\u7d22\u4e00\u4e2a\u8bcd\uff0c\u53d1\u73b0\u94fe\u63a5\u53d8\u6210 https://www.baidu.com/s?ie=UTF-8&wd=\u6d4b\u8bd5\r\n\u8fd9\u91cc\u6709\u4e2a?\u95ee\u53f7\u4ee5\u53ca\u540e\u9762\u4e00\u5806\u6570\u636e\u3002\u95ee\u53f7\u540e\u9762\u7684\u6570\u636e\u662fGET\u8bf7\u6c42\u7684\u53c2\u6570\uff0c\u8fd9\u91cc\u4e00\u5171\u6709\u4e24\u7ec4\u53c2\u6570\u3002\r\n1\uff09ie = UTF-8\r\n2\uff09wd = \u6d4b\u8bd5\r\n\u6bcf\u7ec4\u53c2\u6570\u7528&\u7b26\u53f7\u94fe\u63a5\u3002\u5728\u53c2\u6570\u4e2d\uff0c\u7b49\u53f7\u524d\u9762\u7684\u662f\u53c2\u6570\u540d\uff1b\u7b49\u53f7\u540e\u9762\u7684\u662f\u53c2\u6570\u503c\u3002\r\n\u4f8b\u5982\u7b2c2\u7ec4\u53c2\u6570\u7684\u542b\u4e49\u662f\u767e\u5ea6\u641c\u7d22\u5173\u952e\u5b57\u4e3a\u201c\u6d4b\u8bd5\u201d\u3002\u7b2c1\u7ec4\u53c2\u6570\u662f\u8bbe\u7f6e\u8fd4\u56deie\u6d4f\u89c8\u5668\u7684\u7f16\u7801\u683c\u5f0f\uff0c\u53ef\u6709\u53ef\u65e0\uff0c\u4f5c\u4e3a\u8bf4\u660e\u52a0\u5165\u8fdb\u6765\u3002\r\n\u90a3\u4e48\uff0c\u6211\u4f7f\u7528urllib2\u6a21\u62df\u767e\u5ea6\u641c\u7d22\u4ee3\u7801\u5982\u4e0b\uff1a#coding:utf-8\r\nimport urllib, urllib2\r\n \r\n#\u524d\u534a\u90e8\u5206\u7684\u94fe\u63a5(\u6ce8\u610f\u662fhttp\uff0c\u4e0d\u662fhttps)\r\nurl_pre = 'http://www.baidu.com/s'\r\n \r\n#GET\u53c2\u6570\r\nparams = {}\r\nparams['wd'] = u'\u6d4b\u8bd5'.encode('utf-8')\r\nurl_params = urllib.urlencode(params)\r\n \r\n#GET\u8bf7\u6c42\u5b8c\u6574\u94fe\u63a5\r\nurl = '%s?%s' % (url_pre, url_params)\r\n \r\n#\u6253\u5f00\u94fe\u63a5\uff0c\u83b7\u53d6\u54cd\u5e94\r\nresponse = urllib2.urlopen(url)\r\n \r\n#\u83b7\u53d6\u54cd\u5e94\u7684html\r\nhtml = response.read()\r\n \r\n#\u5c06html\u4fdd\u5b58\u5230\u6587\u4ef6\r\nwith open('test.txt', 'w') as f:\r\n    f.write(html)", "author": 2, "created_time": "2018-05-24T06:17:04.174Z", "last_updated_time": "2018-05-24T06:17:04.174Z"}}, {"model": "blog.blog", "pk": 38, "fields": {"title": "Python\u8bfb\u5199utf-8\u7684\u6587\u672c\u6587\u4ef6", "blog_type": 4, "content": "\u60c5\u666f\uff1a\r\n\u6700\u8fd1\u6709\u4e2a\u9879\u76ee\u662f\u63d0\u53d6CAD\u7684\u5185\u5bb9\u5230txt\u6587\u4ef6\u3002txt\u7684\u9ed8\u8ba4\u7f16\u7801\u662fANSI\uff0c\u5728\u7b80\u4f53\u4e2d\u6587\u7684Windows\u7cfb\u7edf\u4e2dANSI\u7f16\u7801\u5c31\u662fGBK\u7f16\u7801\u3002\u4f46\u662fCAD\u6587\u6863\u91cc\u9762\u6709\u4e9b\u7279\u6b8a\u5b57\u7b26\u548cutf-8\u7f16\u7801\u4e0b\u624d\u80fd\u8bc6\u522b\u7684\u5b57\u7b26\u3002\u6240\u4ee5\u8981\u4fdd\u5b58\u7684txt\u6587\u4ef6\u5f97\u662futf-8\u7f16\u7801\u3002\u90a3\u95ee\u9898\u6765\u4e86\uff0cPython\u5185\u7f6e\u7684Open\u65b9\u6cd5\u6ca1\u6709\u53ef\u4ee5\u8bbe\u7f6e\u7f16\u7801\u7684...\r\nPython\u5185\u7f6e\u7684open\u65b9\u6cd5\u53ef\u4ee5\u8bfb\u5199\u6587\u4ef6\uff0c\u4f46\u662f\u53ea\u662fANSI\u5b57\u7b26\u7f16\u7801\u6216\u8005\u4e8c\u8fdb\u5236\u7684\u5f62\u5f0f\u3002\u4ee3\u7801\u5982\u4e0b\uff1a\r\n#coding:utf-8\r\nf = open(r'./1.txt', 'w')\r\nf.write(u'\u4e2d\u6587\uff1a\u4f60\u597d')\r\nf.close()\r\n\u8fd9\u662f\u8bfb\u5199utf-8\u7f16\u7801\u7684\u6587\u4ef6\u5f97\u53e6\u5bfb\u4ed6\u8def\uff0c\u4f7f\u7528codecs\u6a21\u5757\u3002\r\n#coding:utf-8\r\nimport codecs\r\n \r\nf = codecs.open(r'./1.txt', 'w', encoding='utf-8')\r\nf.write(u'\u8fd9\u624d\u662futf-8\u7f16\u7801\u7684\u6587\u4ef6')\r\nf.close()\r\n\u8fd9\u4e2acodecs\u7684open\u65b9\u6cd5\u548cPython\u5185\u7f6e\u7684open\u65b9\u6cd5\u7528\u6cd5\u5f88\u50cf\uff0c\u591a\u4e86\u4e00\u4e2aencoding\u53c2\u6570\u53ef\u4ee5\u6307\u5b9a\u7f16\u7801\u683c\u5f0f\u3002\r\n\u8981\u8bfb\u5199\u7684\u6587\u4ef6\u662f\u4ec0\u4e48\u7f16\u7801\u5c31\u5bf9\u5e94\u5199\u4e0a\u53bb\u5373\u53ef\u3002codecs\u5199\u6587\u4ef6\u65f6\uff0c\u7b2c2\u4e2a\u53c2\u6570\u662f'w'\uff0c\u8bfb\u6587\u4ef6\u65f6\uff0c\u7b2c2\u4e2a\u53c2\u6570\u662f'r'\u3002\u8fd9\u4e9b\u548cPython\u5185\u7f6e\u7684open\u65b9\u6cd5\u4e00\u6837\u3002\r\n\u540c\u6837\uff0ccodecs.open\u4e5f\u652f\u6301\u4e8c\u8fdb\u5236\u7684\u5f62\u5f0f\u3002\r\n\r\n\u53e6\u5916\uff0c\u4e24\u4e2aopen\u65b9\u6cd5\u60f3\u8f93\u5165\u56de\u8f66\u6362\u884c\u7684\u8bdd\uff0c\u53ef\u4ee5\u5199\u5165'\\r\\n' \u5373\u53ef\u6362\u884c\u3002", "author": 2, "created_time": "2018-04-19T06:18:53.429Z", "last_updated_time": "2018-04-19T06:18:53.429Z"}}, {"model": "comment.comment", "pk": 1, "fields": {"content_type": 8, "object_id": 35, "text": "sadffsab", "comment_time": "2018-07-15T07:59:07.098Z", "user": 2, "root": null, "parent": null, "reply_to": null}}, {"model": "comment.comment", "pk": 2, "fields": {"content_type": 8, "object_id": 35, "text": " saffsad                               ", "comment_time": "2018-07-15T08:14:41.225Z", "user": 1, "root": null, "parent": null, "reply_to": null}}, {"model": "comment.comment", "pk": 3, "fields": {"content_type": 8, "object_id": 35, "text": "python\u7684\u529f\u80fd\u65b9\u4fbf\u5feb\u901f                   ", "comment_time": "2018-07-15T08:15:06.272Z", "user": 1, "root": null, "parent": null, "reply_to": null}}, {"model": "comment.comment", "pk": 4, "fields": {"content_type": 8, "object_id": 35, "text": "2018\u5e747ue15\u65e5 16\uff1a29", "comment_time": "2018-07-15T08:29:25.677Z", "user": 1, "root": null, "parent": null, "reply_to": null}}, {"model": "comment.comment", "pk": 5, "fields": {"content_type": 8, "object_id": 34, "text": "\u5317\u4eac\uff0c\u661f\u671f\u4e00\u5927\u96e8\ud83d\ude00\ud83d\udc16\ud83d\udc15\ud83d\udc02\ud83d\udc4d\ud83e\udd41\ud83d\ude2d", "comment_time": "2018-07-16T11:35:23.808Z", "user": 1, "root": null, "parent": null, "reply_to": null}}, {"model": "comment.comment", "pk": 6, "fields": {"content_type": 8, "object_id": 34, "text": "\u6768\u4ed5\u822a\u8001\u5e08\u597d\ud83d\udc4c", "comment_time": "2018-07-16T14:50:21.945Z", "user": 1, "root": null, "parent": null, "reply_to": null}}, {"model": "comment.comment", "pk": 7, "fields": {"content_type": 8, "object_id": 34, "text": "afsfsa\u4f18\u5316\ud83d\udc49", "comment_time": "2018-07-16T15:11:07.175Z", "user": 1, "root": null, "parent": null, "reply_to": null}}, {"model": "comment.comment", "pk": 8, "fields": {"content_type": 8, "object_id": 34, "text": "\u4f18\u5316\u914d\u7f6e\u8bbe\u7f6e\u597d\u4e86\ud83d\udc4cOK\ud83d\ude46\u200d\ud83d\ude01\ud83d\ude01", "comment_time": "2018-07-17T01:59:33.020Z", "user": 1, "root": null, "parent": null, "reply_to": null}}, {"model": "comment.comment", "pk": 9, "fields": {"content_type": 8, "object_id": 34, "text": "\u7684\u8bf4\u6cd5\u662f\u662f\u6309\u65f6\u53d1\u653e\u662f\ud83d\udc4c\ud83d\udc1f\ud83d\udc09", "comment_time": "2018-07-17T02:00:18.545Z", "user": 1, "root": null, "parent": null, "reply_to": null}}, {"model": "comment.comment", "pk": 10, "fields": {"content_type": 8, "object_id": 34, "text": "<p><span style=\"background-color:#2ecc71\">\u4f18\u5316\u914d\u7f6e\u8bbe\u7f6e\u597d\u4e86</span><span style=\"color:#e74c3c\"><strong>\ud83d\udc4cOK\ud83d\ude46&zwj;\ud83d\ude01\ud83d\ude01</strong></span>fasddf</p>", "comment_time": "2018-07-17T02:19:39.472Z", "user": 1, "root": null, "parent": null, "reply_to": null}}, {"model": "comment.comment", "pk": 11, "fields": {"content_type": 8, "object_id": 34, "text": "<p>DSFCFDSFDSA&nbsp;</p>", "comment_time": "2018-07-17T02:39:56.502Z", "user": 1, "root": null, "parent": null, "reply_to": null}}, {"model": "comment.comment", "pk": 12, "fields": {"content_type": 8, "object_id": 34, "text": "<p>DSFCFDSFDSA&nbsp;</p>", "comment_time": "2018-07-17T02:39:57.835Z", "user": 1, "root": null, "parent": null, "reply_to": null}}, {"model": "comment.comment", "pk": 13, "fields": {"content_type": 8, "object_id": 34, "text": "<p>DSFCFDSFDSA&nbsp;</p>", "comment_time": "2018-07-17T02:40:06.775Z", "user": 1, "root": null, "parent": null, "reply_to": null}}, {"model": "comment.comment", "pk": 14, "fields": {"content_type": 8, "object_id": 34, "text": "<p>fswet\u8ba9\u53e4\u5df4</p>", "comment_time": "2018-07-17T02:42:05.901Z", "user": 1, "root": null, "parent": null, "reply_to": null}}, {"model": "comment.comment", "pk": 15, "fields": {"content_type": 8, "object_id": 34, "text": "<p>789</p>", "comment_time": "2018-07-17T02:45:01.082Z", "user": 1, "root": null, "parent": null, "reply_to": null}}, {"model": "comment.comment", "pk": 16, "fields": {"content_type": 8, "object_id": 34, "text": "<p>\u827e\u5f17\u68ee\u6492\u65e6</p>", "comment_time": "2018-07-17T02:52:54.436Z", "user": 1, "root": null, "parent": null, "reply_to": null}}, {"model": "comment.comment", "pk": 17, "fields": {"content_type": 8, "object_id": 34, "text": "<p>\u827e\u5f17\u68ee\u6492\u65e6</p>", "comment_time": "2018-07-17T02:52:57.965Z", "user": 1, "root": null, "parent": null, "reply_to": null}}, {"model": "comment.comment", "pk": 18, "fields": {"content_type": 8, "object_id": 34, "text": "<p>\u554a\u53d1\u987a\u4e30\u6492\u65e6\u5b89\u6170\u8303\u56f4\u5e7f\u6cdbv</p>", "comment_time": "2018-07-17T02:53:22.937Z", "user": 1, "root": null, "parent": null, "reply_to": null}}, {"model": "comment.comment", "pk": 19, "fields": {"content_type": 8, "object_id": 34, "text": "<p>\u4e0d\u7528\u5237\u65b0\u9875\u9762</p>", "comment_time": "2018-07-17T02:53:50.194Z", "user": 1, "root": null, "parent": null, "reply_to": null}}, {"model": "comment.comment", "pk": 20, "fields": {"content_type": 8, "object_id": 34, "text": "<p>8999999</p>", "comment_time": "2018-07-17T02:54:48.646Z", "user": 1, "root": null, "parent": null, "reply_to": null}}, {"model": "comment.comment", "pk": 21, "fields": {"content_type": 8, "object_id": 34, "text": "<p>5253252</p>", "comment_time": "2018-07-17T03:46:08.378Z", "user": 1, "root": null, "parent": null, "reply_to": null}}, {"model": "comment.comment", "pk": 22, "fields": {"content_type": 8, "object_id": 34, "text": "<p>\u653e\u677e\u653e\u677e</p>", "comment_time": "2018-07-17T04:48:14.241Z", "user": 1, "root": null, "parent": null, "reply_to": null}}, {"model": "comment.comment", "pk": 23, "fields": {"content_type": 8, "object_id": 34, "text": "<p>\u6c99\u53d1\u5730\u65b9\u554a\u65b9\u6cd5WAE</p>", "comment_time": "2018-07-17T06:33:39.235Z", "user": 1, "root": null, "parent": null, "reply_to": null}}, {"model": "comment.comment", "pk": 24, "fields": {"content_type": 8, "object_id": 37, "text": "<p>121</p>", "comment_time": "2018-07-17T06:35:15.257Z", "user": 1, "root": null, "parent": null, "reply_to": null}}, {"model": "comment.comment", "pk": 25, "fields": {"content_type": 8, "object_id": 34, "text": "afsdfsafa", "comment_time": "2018-07-17T06:44:48.814Z", "user": 4, "root": 19, "parent": 17, "reply_to": 2}}, {"model": "comment.comment", "pk": 26, "fields": {"content_type": 8, "object_id": 34, "text": "\u56de\u590d\u8bc4\u8bba\u7684\u8bc4\u8bba\ud83d\ude00\ud83d\udc36", "comment_time": "2018-07-17T07:10:24.277Z", "user": 3, "root": 18, "parent": 12, "reply_to": 4}}, {"model": "comment.comment", "pk": 27, "fields": {"content_type": 8, "object_id": 34, "text": "<p>\u98de\u6d12\u53d1\u5230\u4ed8</p>", "comment_time": "2018-07-17T11:56:39.158Z", "user": 1, "root": null, "parent": null, "reply_to": null}}, {"model": "comment.comment", "pk": 28, "fields": {"content_type": 8, "object_id": 34, "text": "<p>\u53d1\u58eb\u5927\u592b\u53d1\u8303\u5fb7\u8428\u8bf4\u6cd5\u8428\u82ac</p>", "comment_time": "2018-07-17T11:57:00.102Z", "user": 1, "root": null, "parent": null, "reply_to": null}}, {"model": "comment.comment", "pk": 29, "fields": {"content_type": 8, "object_id": 34, "text": "<p>\u827e\u5f17\u68ee\u6253\u554a\u554a\u554a\u554a\u554a\u554a</p>", "comment_time": "2018-07-17T11:57:08.068Z", "user": 1, "root": null, "parent": null, "reply_to": null}}, {"model": "comment.comment", "pk": 30, "fields": {"content_type": 8, "object_id": 34, "text": "<p>23344343</p>", "comment_time": "2018-07-17T12:07:06.551Z", "user": 1, "root": 28, "parent": 28, "reply_to": 1}}, {"model": "comment.comment", "pk": 31, "fields": {"content_type": 8, "object_id": 34, "text": "<p>\u5b8c\u6210\u56de\u590d\u529f\u80fd\ud83d\udc4d\ud83d\ude03</p>", "comment_time": "2018-07-17T12:07:47.034Z", "user": 1, "root": 18, "parent": 26, "reply_to": 3}}, {"model": "comment.comment", "pk": 32, "fields": {"content_type": 8, "object_id": 34, "text": "<p>v\u53cd\u5012\u662fv\u5728v</p>", "comment_time": "2018-07-17T12:08:58.033Z", "user": 1, "root": 29, "parent": 29, "reply_to": 1}}, {"model": "comment.comment", "pk": 33, "fields": {"content_type": 8, "object_id": 34, "text": "<p>\u4e66\u6cd5\u5927\u8d5b</p>", "comment_time": "2018-07-17T12:13:19.801Z", "user": 1, "root": 29, "parent": 32, "reply_to": 1}}, {"model": "comment.comment", "pk": 34, "fields": {"content_type": 8, "object_id": 34, "text": "<p>\u963f\u6cd5\u6492\u65e6\u53d1</p>", "comment_time": "2018-07-17T12:20:56.101Z", "user": 1, "root": 21, "parent": 21, "reply_to": 1}}, {"model": "comment.comment", "pk": 35, "fields": {"content_type": 8, "object_id": 34, "text": "<p>\u827e\u5f17\u68ee\u6253\u7231\u8702\u7a9dv<img alt=\"angry\" src=\"http://127.0.0.1:8000/static/ckeditor/ckeditor/plugins/smiley/images/angry_smile.png\" style=\"height:23px; width:23px\" title=\"angry\" /><img alt=\"heart\" src=\"http://127.0.0.1:8000/static/ckeditor/ckeditor/plugins/smiley/images/heart.png\" style=\"height:23px; width:23px\" title=\"heart\" /><img alt=\"broken heart\" src=\"http://127.0.0.1:8000/static/ckeditor/ckeditor/plugins/smiley/images/broken_heart.png\" style=\"height:23px; width:23px\" title=\"broken heart\" /><img alt=\"kiss\" src=\"http://127.0.0.1:8000/static/ckeditor/ckeditor/plugins/smiley/images/kiss.png\" style=\"height:23px; width:23px\" title=\"kiss\" /></p>", "comment_time": "2018-07-17T12:23:34.177Z", "user": 1, "root": 29, "parent": 32, "reply_to": 1}}, {"model": "comment.comment", "pk": 36, "fields": {"content_type": 8, "object_id": 34, "text": "<p>\u554a\u53d1\u987a\u4e30\u7684\u554a\u7c89\u8272\u74e6\u623f</p>", "comment_time": "2018-07-17T13:20:58.289Z", "user": 1, "root": null, "parent": null, "reply_to": null}}, {"model": "comment.comment", "pk": 37, "fields": {"content_type": 8, "object_id": 34, "text": "<p>\u6848\u8bf4\u6cd5<span style=\"color:#27ae60\">\u70e6\u70e6\u70e6\u70e6<img alt=\"sad\" src=\"http://127.0.0.1:8000/static/ckeditor/ckeditor/plugins/smiley/images/sad_smile.png\" style=\"height:23px; width:23px\" title=\"sad\" />\u74e6v&nbsp;</span></p>", "comment_time": "2018-07-17T13:32:19.498Z", "user": 1, "root": 29, "parent": 35, "reply_to": 1}}, {"model": "comment.comment", "pk": 38, "fields": {"content_type": 8, "object_id": 34, "text": "<p>\u6848\u8bf4\u6cd5<span style=\"color:#27ae60\">\u70e6\u70e6\u70e6\u70e6<img alt=\"sad\" src=\"http://127.0.0.1:8000/static/ckeditor/ckeditor/plugins/smiley/images/sad_smile.png\" style=\"height:23px; width:23px\" title=\"sad\" />\u74e6v&nbsp;</span></p>", "comment_time": "2018-07-17T13:32:20.952Z", "user": 1, "root": 29, "parent": 35, "reply_to": 1}}, {"model": "comment.comment", "pk": 39, "fields": {"content_type": 8, "object_id": 34, "text": "<p>\u6848\u8bf4\u6cd5<span style=\"color:#27ae60\">\u70e6\u70e6\u70e6\u70e6<img alt=\"sad\" src=\"http://127.0.0.1:8000/static/ckeditor/ckeditor/plugins/smiley/images/sad_smile.png\" style=\"height:23px; width:23px\" title=\"sad\" />\u74e6v&nbsp;</span></p>", "comment_time": "2018-07-17T13:32:25.630Z", "user": 1, "root": 29, "parent": 35, "reply_to": 1}}, {"model": "comment.comment", "pk": 40, "fields": {"content_type": 8, "object_id": 34, "text": "<p>\u554a\u5e08\u5085\u6253\u53d1</p>", "comment_time": "2018-07-17T13:32:37.847Z", "user": 1, "root": null, "parent": null, "reply_to": null}}, {"model": "comment.comment", "pk": 41, "fields": {"content_type": 8, "object_id": 34, "text": "<p>\u554a\u5e08\u5085\u6253\u53d1</p>", "comment_time": "2018-07-17T13:32:41.204Z", "user": 1, "root": null, "parent": null, "reply_to": null}}, {"model": "comment.comment", "pk": 42, "fields": {"content_type": 8, "object_id": 34, "text": "<p>\u554a\u5e08\u5085\u6253\u53d1</p>", "comment_time": "2018-07-17T13:32:41.947Z", "user": 1, "root": null, "parent": null, "reply_to": null}}, {"model": "comment.comment", "pk": 43, "fields": {"content_type": 8, "object_id": 34, "text": "<p>\u554a\u5e08\u5085\u6253\u53d1</p>", "comment_time": "2018-07-17T13:32:42.220Z", "user": 1, "root": null, "parent": null, "reply_to": null}}, {"model": "comment.comment", "pk": 44, "fields": {"content_type": 8, "object_id": 34, "text": "<p>\u554a\u5e08\u5085\u6253\u53d1</p>", "comment_time": "2018-07-17T13:32:42.406Z", "user": 1, "root": null, "parent": null, "reply_to": null}}, {"model": "comment.comment", "pk": 45, "fields": {"content_type": 8, "object_id": 34, "text": "<p>\u554a\u5e08\u5085\u6253\u53d1</p>", "comment_time": "2018-07-17T13:32:42.590Z", "user": 1, "root": null, "parent": null, "reply_to": null}}, {"model": "comment.comment", "pk": 46, "fields": {"content_type": 8, "object_id": 34, "text": "<p>\u554a\u5e08\u5085\u6253\u53d1</p>", "comment_time": "2018-07-17T13:32:42.781Z", "user": 1, "root": null, "parent": null, "reply_to": null}}, {"model": "comment.comment", "pk": 47, "fields": {"content_type": 8, "object_id": 34, "text": "<p>\u963f\u6cd5\u6492\u65e6\u53d1\u8ba9v</p>", "comment_time": "2018-07-17T13:32:48.865Z", "user": 1, "root": null, "parent": null, "reply_to": null}}, {"model": "comment.comment", "pk": 48, "fields": {"content_type": 8, "object_id": 34, "text": "<p>\u963f\u6cd5\u6492\u65e6\u53d1\u8ba9v</p>", "comment_time": "2018-07-17T13:32:49.758Z", "user": 1, "root": null, "parent": null, "reply_to": null}}, {"model": "comment.comment", "pk": 49, "fields": {"content_type": 8, "object_id": 34, "text": "<p>\u963f\u6cd5\u6492\u65e6\u53d1\u8ba9v</p>", "comment_time": "2018-07-17T13:32:49.971Z", "user": 1, "root": null, "parent": null, "reply_to": null}}, {"model": "comment.comment", "pk": 50, "fields": {"content_type": 8, "object_id": 34, "text": "<p>\u963f\u6cd5\u6492\u65e6\u53d1\u8ba9v</p>", "comment_time": "2018-07-17T13:32:50.171Z", "user": 1, "root": null, "parent": null, "reply_to": null}}, {"model": "comment.comment", "pk": 51, "fields": {"content_type": 8, "object_id": 34, "text": "<p>\u963f\u6cd5\u6492\u65e6\u53d1\u8ba9v</p>", "comment_time": "2018-07-17T13:32:54.094Z", "user": 1, "root": null, "parent": null, "reply_to": null}}, {"model": "comment.comment", "pk": 52, "fields": {"content_type": 8, "object_id": 34, "text": "<p>\u516c\u53f8\u9876\u9876\u9876\u9876\u9876\u9876\u9876\u9876\u9876\u9876\u9876\u9876\u9876</p>", "comment_time": "2018-07-17T13:34:22.263Z", "user": 1, "root": 49, "parent": 49, "reply_to": 1}}, {"model": "comment.comment", "pk": 53, "fields": {"content_type": 8, "object_id": 34, "text": "<p>\u6848\u8bf4\u6cd5\u9876\u9876\u9876\u9876\u9876\u9876\u9876\u9876\u9876\u9876\u9876\u9876</p>", "comment_time": "2018-07-17T13:41:45.471Z", "user": 1, "root": 40, "parent": 40, "reply_to": 1}}, {"model": "comment.comment", "pk": 54, "fields": {"content_type": 8, "object_id": 34, "text": "<p>\u53d1\u6c34\u6c34\u6c34\u6c34\u6c34\u6c34\u6c34\u6c34\u6c34\u6c34</p>", "comment_time": "2018-07-17T13:42:11.724Z", "user": 1, "root": null, "parent": null, "reply_to": null}}, {"model": "comment.comment", "pk": 55, "fields": {"content_type": 8, "object_id": 34, "text": "<p>\u53d1\u6c34\u6c34\u6c34\u6c34\u6c34\u6c34<span style=\"color:#e74c3c\"><span style=\"font-size:10px\">\u6c34\u6c34\u6c34\u6c34 &nbsp;\u592a\u7f5143433434</span></span>\u4e945</p>", "comment_time": "2018-07-17T13:44:28.335Z", "user": 1, "root": 44, "parent": 44, "reply_to": 1}}, {"model": "comment.comment", "pk": 56, "fields": {"content_type": 8, "object_id": 34, "text": "<p><span style=\"background-color:#1abc9c\">\u963f\u65b9\u7d22\u5341</span><span style=\"color:#c0392b\"><span style=\"background-color:#1abc9c\">\u4e09\u4e09\u5341\u56db\u5206342344\u56fe4</span>3</span></p>", "comment_time": "2018-07-17T13:48:31.618Z", "user": 1, "root": 29, "parent": 39, "reply_to": 1}}, {"model": "comment.comment", "pk": 57, "fields": {"content_type": 8, "object_id": 34, "text": "<p><span style=\"font-size:36px\"><span style=\"color:#e74c3c\">\u827e\u5f17\u68ee\u6c34\u6c34\u6c34\u6c34\u6c34\u6c34\u6c34\u6c34\u6c34\u6c34\u6c34\u6c34\u6c34\u6c34\u6c34\u6c34<img alt=\"heart\" src=\"http://127.0.0.1:8000/static/ckeditor/ckeditor/plugins/smiley/images/heart.png\" style=\"height:23px; width:23px\" title=\"heart\" /></span></span></p>", "comment_time": "2018-07-18T09:05:58.076Z", "user": 1, "root": 48, "parent": 48, "reply_to": 1}}, {"model": "comment.comment", "pk": 58, "fields": {"content_type": 8, "object_id": 34, "text": "<p>\u963f\u6cd5\u6492\u65e6\u9876\u9876\u9876\u9876\u9876\u9876\u9876\u9876\u9876\u9876\u9876\u9876\u9876\u9876\u9876</p>", "comment_time": "2018-07-18T09:08:04.030Z", "user": 1, "root": null, "parent": null, "reply_to": null}}, {"model": "comment.comment", "pk": 59, "fields": {"content_type": 8, "object_id": 34, "text": "<p>\u53d1\u6c34\u6c34\u6c34\u6c34\u6c34\u6c34\u6c34\u6c34\u6c34\u6c34\u6c34\u6c34\u6c34\u6c34\u6c34\u6c34\u6c34\u6c3434423\u786e\u8ba4\u65e0\u8bef</p>", "comment_time": "2018-07-18T11:23:33.897Z", "user": 1, "root": null, "parent": null, "reply_to": null}}, {"model": "comment.comment", "pk": 60, "fields": {"content_type": 8, "object_id": 34, "text": "<p>\u53d1\u6c34\u6c34\u6c34\u6c34\u6c34\u6c34\u6c34\u6c3442342141\u59795\u5404\u90e8\u5206v\u5c0f\u7a0b\u5e8f \u70ed\u98ce\u554a<img alt=\"heart\" src=\"http://127.0.0.1:8000/static/ckeditor/ckeditor/plugins/smiley/images/heart.png\" style=\"height:23px; width:23px\" title=\"heart\" /><img alt=\"yes\" src=\"http://127.0.0.1:8000/static/ckeditor/ckeditor/plugins/smiley/images/thumbs_up.png\" style=\"height:23px; width:23px\" title=\"yes\" /></p>", "comment_time": "2018-07-18T11:24:47.467Z", "user": 1, "root": 59, "parent": 59, "reply_to": 1}}, {"model": "comment.comment", "pk": 61, "fields": {"content_type": 8, "object_id": 34, "text": "<p>\u8fd9\u4e2a\u8bc4\u8bba\u5199\u7684\u600e\u4e48\u6837\uff1f\u8fd8\u53ef\u4ee5\u5427<img alt=\"yes\" src=\"http://127.0.0.1:8000/static/ckeditor/ckeditor/plugins/smiley/images/thumbs_up.png\" style=\"height:23px; width:23px\" title=\"yes\" /><img alt=\"mail\" src=\"http://127.0.0.1:8000/static/ckeditor/ckeditor/plugins/smiley/images/envelope.png\" style=\"height:23px; width:23px\" title=\"mail\" /></p>", "comment_time": "2018-07-18T12:43:38.981Z", "user": 4, "root": 59, "parent": 60, "reply_to": 1}}, {"model": "comment.comment", "pk": 62, "fields": {"content_type": 8, "object_id": 34, "text": "<p>\u554a\u5e08\u5085\u625343\u989d\u65e5&nbsp;</p>", "comment_time": "2018-07-18T12:47:18.473Z", "user": 4, "root": 59, "parent": 61, "reply_to": 4}}, {"model": "comment.comment", "pk": 63, "fields": {"content_type": 8, "object_id": 34, "text": "<p>\u827e\u5f17\u68ee\u6253\u963f\u5c14\u74e6\u53d1\u4efb\u52a1</p>", "comment_time": "2018-07-18T12:48:01.956Z", "user": 4, "root": 59, "parent": 62, "reply_to": 4}}, {"model": "comment.comment", "pk": 64, "fields": {"content_type": 8, "object_id": 35, "text": "<p>\u5b89\u629a\u6492\u6253\u7b97</p>", "comment_time": "2018-07-18T15:04:25.338Z", "user": 4, "root": null, "parent": null, "reply_to": null}}, {"model": "comment.comment", "pk": 65, "fields": {"content_type": 8, "object_id": 37, "text": "<p>fasfs3\u5728v\u5730\u9707\u53d1\u751f\u7684</p>", "comment_time": "2018-07-19T11:35:18.143Z", "user": 1, "root": 24, "parent": 24, "reply_to": 1}}, {"model": "comment.comment", "pk": 66, "fields": {"content_type": 8, "object_id": 34, "text": "<p>\u8bb2\u7684\u5f88\u597d\uff0c\u4e0b\u95e8\u8bfe\u5f00\u59cb\u51c6\u5907\u8bb2\u4ec0\u4e48\u554a\uff1f</p>", "comment_time": "2018-07-19T14:36:56.227Z", "user": 7, "root": 6, "parent": 6, "reply_to": 1}}, {"model": "comment.comment", "pk": 67, "fields": {"content_type": 8, "object_id": 34, "text": "<p><span style=\"color:#e74c3c\">\u90ae\u4ef6\u53d1\u9001\u6d4b\u8bd5\uff0c\u8bc4\u8bba\u6587\u7ae0\u8fd4\u56de\u5185\u5bb9</span><img alt=\"angry\" src=\"http://127.0.0.1:8000/static/ckeditor/ckeditor/plugins/smiley/images/angry_smile.png\" style=\"height:23px; width:23px\" title=\"angry\" /><img alt=\"smiley\" src=\"http://127.0.0.1:8000/static/ckeditor/ckeditor/plugins/smiley/images/regular_smile.png\" style=\"height:23px; width:23px\" title=\"smiley\" /><img alt=\"yes\" src=\"http://127.0.0.1:8000/static/ckeditor/ckeditor/plugins/smiley/images/thumbs_up.png\" style=\"height:23px; width:23px\" title=\"yes\" /><img alt=\"mail\" src=\"http://127.0.0.1:8000/static/ckeditor/ckeditor/plugins/smiley/images/envelope.png\" style=\"height:23px; width:23px\" title=\"mail\" /><img alt=\"enlightened\" src=\"http://127.0.0.1:8000/static/ckeditor/ckeditor/plugins/smiley/images/lightbulb.png\" style=\"height:23px; width:23px\" title=\"enlightened\" /></p>", "comment_time": "2018-07-21T07:32:28.593Z", "user": 1, "root": null, "parent": null, "reply_to": null}}, {"model": "comment.comment", "pk": 68, "fields": {"content_type": 8, "object_id": 34, "text": "<p>\u90ae\u4ef6\u53d1\u9001\u6d4b\u8bd5\uff0c\u8bc4\u8bba\u6587\u7ae0\u8fd4\u56de\u5185\u5bb9<img alt=\"angry\" src=\"http://127.0.0.1:8000/static/ckeditor/ckeditor/plugins/smiley/images/angry_smile.png\" title=\"angry\" /><img alt=\"smiley\" src=\"http://127.0.0.1:8000/static/ckeditor/ckeditor/plugins/smiley/images/regular_smile.png\" title=\"smiley\" /><img alt=\"yes\" src=\"http://127.0.0.1:8000/static/ckeditor/ckeditor/plugins/smiley/images/thumbs_up.png\" title=\"yes\" /><img alt=\"mail\" src=\"http://127.0.0.1:8000/static/ckeditor/ckeditor/plugins/smiley/images/envelope.png\" title=\"mail\" /><img alt=\"enlightened\" src=\"http://127.0.0.1:8000/static/ckeditor/ckeditor/plugins/smiley/images/lightbulb.png\" title=\"enlightened\" /></p>", "comment_time": "2018-07-21T07:37:27.782Z", "user": 4, "root": null, "parent": null, "reply_to": null}}, {"model": "comment.comment", "pk": 69, "fields": {"content_type": 8, "object_id": 34, "text": "<p>afsfdsaf&nbsp;</p>", "comment_time": "2018-07-21T07:39:33.828Z", "user": 4, "root": 68, "parent": 68, "reply_to": 4}}, {"model": "comment.comment", "pk": 70, "fields": {"content_type": 8, "object_id": 34, "text": "<p>afsfdsaf&nbsp;</p>", "comment_time": "2018-07-21T07:39:35.506Z", "user": 4, "root": 68, "parent": 68, "reply_to": 4}}, {"model": "comment.comment", "pk": 71, "fields": {"content_type": 8, "object_id": 34, "text": "<p>afsdfafew\u800c\u65e0\u6cd5</p>", "comment_time": "2018-07-21T07:40:21.645Z", "user": 4, "root": 67, "parent": 67, "reply_to": 1}}, {"model": "comment.comment", "pk": 72, "fields": {"content_type": 8, "object_id": 34, "text": "<p>\u5b89\u5206\u5b88\u6cd5\u8272\u6e29\u6848\u8bf4\u6cd5\u5145\u5206\u7684\u91ca\u653e<img alt=\"sad\" src=\"http://127.0.0.1:8000/static/ckeditor/ckeditor/plugins/smiley/images/sad_smile.png\" style=\"height:23px; width:23px\" title=\"sad\" /><img alt=\"smiley\" src=\"http://127.0.0.1:8000/static/ckeditor/ckeditor/plugins/smiley/images/regular_smile.png\" style=\"height:23px; width:23px\" title=\"smiley\" /><img alt=\"yes\" src=\"http://127.0.0.1:8000/static/ckeditor/ckeditor/plugins/smiley/images/thumbs_up.png\" style=\"height:23px; width:23px\" title=\"yes\" /><img alt=\"heart\" src=\"http://127.0.0.1:8000/static/ckeditor/ckeditor/plugins/smiley/images/heart.png\" style=\"height:23px; width:23px\" title=\"heart\" /><img alt=\"mail\" src=\"http://127.0.0.1:8000/static/ckeditor/ckeditor/plugins/smiley/images/envelope.png\" style=\"height:23px; width:23px\" title=\"mail\" /><img alt=\"indecision\" src=\"http://127.0.0.1:8000/static/ckeditor/ckeditor/plugins/smiley/images/whatchutalkingabout_smile.png\" style=\"height:23px; width:23px\" title=\"indecision\" /><img alt=\"devil\" src=\"http://127.0.0.1:8000/static/ckeditor/ckeditor/plugins/smiley/images/devil_smile.png\" style=\"height:23px; width:23px\" title=\"devil\" /></p>", "comment_time": "2018-07-21T07:41:37.964Z", "user": 4, "root": null, "parent": null, "reply_to": null}}, {"model": "comment.comment", "pk": 73, "fields": {"content_type": 8, "object_id": 34, "text": "<p>\u597d\u5f88\u597d<img alt=\"yes\" src=\"http://127.0.0.1:8000/static/ckeditor/ckeditor/plugins/smiley/images/thumbs_up.png\" style=\"height:23px; width:23px\" title=\"yes\" /><img alt=\"heart\" src=\"http://127.0.0.1:8000/static/ckeditor/ckeditor/plugins/smiley/images/heart.png\" style=\"height:23px; width:23px\" title=\"heart\" /><img alt=\"sad\" src=\"http://127.0.0.1:8000/static/ckeditor/ckeditor/plugins/smiley/images/sad_smile.png\" style=\"height:23px; width:23px\" title=\"sad\" /><img alt=\"mail\" src=\"http://127.0.0.1:8000/static/ckeditor/ckeditor/plugins/smiley/images/envelope.png\" style=\"height:23px; width:23px\" title=\"mail\" /><img alt=\"indecision\" src=\"http://127.0.0.1:8000/static/ckeditor/ckeditor/plugins/smiley/images/whatchutalkingabout_smile.png\" style=\"height:23px; width:23px\" title=\"indecision\" /></p>\r\n\r\n<table border=\"1\" cellpadding=\"1\" cellspacing=\"1\" style=\"width:500px\">\r\n\t<tbody>\r\n\t\t<tr>\r\n\t\t\t<td>&nbsp;</td>\r\n\t\t\t<td>&nbsp;</td>\r\n\t\t</tr>\r\n\t\t<tr>\r\n\t\t\t<td>&nbsp;</td>\r\n\t\t\t<td>&nbsp;</td>\r\n\t\t</tr>\r\n\t\t<tr>\r\n\t\t\t<td>&nbsp;</td>\r\n\t\t\t<td>&nbsp;</td>\r\n\t\t</tr>\r\n\t</tbody>\r\n</table>\r\n\r\n<p>&nbsp;</p>", "comment_time": "2018-07-21T07:44:14.377Z", "user": 1, "root": null, "parent": null, "reply_to": null}}, {"model": "comment.comment", "pk": 74, "fields": {"content_type": 8, "object_id": 34, "text": "<p>\u90ae\u7bb1\u53d1\u9001\u6d4b\u8bd5<img alt=\"indecision\" src=\"http://127.0.0.1:8000/static/ckeditor/ckeditor/plugins/smiley/images/whatchutalkingabout_smile.png\" style=\"height:23px; width:23px\" title=\"indecision\" /><img alt=\"indecision\" src=\"http://127.0.0.1:8000/static/ckeditor/ckeditor/plugins/smiley/images/whatchutalkingabout_smile.png\" style=\"height:23px; width:23px\" title=\"indecision\" /><img alt=\"smiley\" src=\"http://127.0.0.1:8000/static/ckeditor/ckeditor/plugins/smiley/images/regular_smile.png\" style=\"height:23px; width:23px\" title=\"smiley\" /><img alt=\"yes\" src=\"http://127.0.0.1:8000/static/ckeditor/ckeditor/plugins/smiley/images/thumbs_up.png\" style=\"height:23px; width:23px\" title=\"yes\" /><img alt=\"heart\" src=\"http://127.0.0.1:8000/static/ckeditor/ckeditor/plugins/smiley/images/heart.png\" style=\"height:23px; width:23px\" title=\"heart\" /><img alt=\"mail\" src=\"http://127.0.0.1:8000/static/ckeditor/ckeditor/plugins/smiley/images/envelope.png\" style=\"height:23px; width:23px\" title=\"mail\" /><img alt=\"cool\" src=\"http://127.0.0.1:8000/static/ckeditor/ckeditor/plugins/smiley/images/shades_smile.png\" style=\"height:23px; width:23px\" title=\"cool\" /></p>", "comment_time": "2018-07-21T07:46:48.711Z", "user": 1, "root": null, "parent": null, "reply_to": null}}, {"model": "comment.comment", "pk": 75, "fields": {"content_type": 8, "object_id": 34, "text": "<p>\u90ae\u7bb1\u53d1\u9001\u6d4b\u8bd5<img alt=\"indecision\" src=\"http://127.0.0.1:8000/static/ckeditor/ckeditor/plugins/smiley/images/whatchutalkingabout_smile.png\" style=\"height:23px; width:23px\" title=\"indecision\" /><img alt=\"indecision\" src=\"http://127.0.0.1:8000/static/ckeditor/ckeditor/plugins/smiley/images/whatchutalkingabout_smile.png\" style=\"height:23px; width:23px\" title=\"indecision\" /><img alt=\"smiley\" src=\"http://127.0.0.1:8000/static/ckeditor/ckeditor/plugins/smiley/images/regular_smile.png\" style=\"height:23px; width:23px\" title=\"smiley\" /><img alt=\"yes\" src=\"http://127.0.0.1:8000/static/ckeditor/ckeditor/plugins/smiley/images/thumbs_up.png\" style=\"height:23px; width:23px\" title=\"yes\" /><img alt=\"heart\" src=\"http://127.0.0.1:8000/static/ckeditor/ckeditor/plugins/smiley/images/heart.png\" style=\"height:23px; width:23px\" title=\"heart\" /><img alt=\"mail\" src=\"http://127.0.0.1:8000/static/ckeditor/ckeditor/plugins/smiley/images/envelope.png\" style=\"height:23px; width:23px\" title=\"mail\" /><img alt=\"cool\" src=\"http://127.0.0.1:8000/static/ckeditor/ckeditor/plugins/smiley/images/shades_smile.png\" style=\"height:23px; width:23px\" title=\"cool\" /></p>", "comment_time": "2018-07-21T07:46:51.171Z", "user": 1, "root": null, "parent": null, "reply_to": null}}, {"model": "likes.likerecord", "pk": 33, "fields": {"content_type": 11, "object_id": 50, "user": 1, "liked_time": "2018-07-18T12:07:04.771Z"}}, {"model": "likes.likerecord", "pk": 37, "fields": {"content_type": 11, "object_id": 60, "user": 4, "liked_time": "2018-07-18T12:42:55.341Z"}}, {"model": "likes.likerecord", "pk": 38, "fields": {"content_type": 8, "object_id": 34, "user": 4, "liked_time": "2018-07-18T15:03:39.421Z"}}, {"model": "likes.likerecord", "pk": 39, "fields": {"content_type": 11, "object_id": 64, "user": 4, "liked_time": "2018-07-18T15:04:30.082Z"}}, {"model": "likes.likerecord", "pk": 42, "fields": {"content_type": 11, "object_id": 65, "user": 1, "liked_time": "2018-07-19T11:35:22.776Z"}}, {"model": "likes.likerecord", "pk": 45, "fields": {"content_type": 8, "object_id": 34, "user": 7, "liked_time": "2018-07-19T14:36:13.118Z"}}, {"model": "likes.likerecord", "pk": 46, "fields": {"content_type": 11, "object_id": 6, "user": 7, "liked_time": "2018-07-19T14:36:26.588Z"}}, {"model": "likes.likerecord", "pk": 48, "fields": {"content_type": 11, "object_id": 54, "user": 1, "liked_time": "2018-07-21T06:41:00.410Z"}}, {"model": "likes.likerecord", "pk": 50, "fields": {"content_type": 11, "object_id": 24, "user": 1, "liked_time": "2018-07-21T12:55:38.705Z"}}, {"model": "user.profile", "pk": 1, "fields": {"user": 4, "nickname": "limingyue"}}, {"model": "user.profile", "pk": 2, "fields": {"user": 2, "nickname": "ysh"}}, {"model": "user.profile", "pk": 3, "fields": {"user": 1, "nickname": "\u7cfb\u7edf\u7ba1\u7406\u5458"}}, {"model": "admin.logentry", "pk": 1, "fields": {"action_time": "2018-07-11T02:33:05.331Z", "user": 1, "content_type": 7, "object_id": "1", "object_repr": "Django", "action_flag": 1, "change_message": "[{\"added\": {}}]"}}, {"model": "admin.logentry", "pk": 2, "fields": {"action_time": "2018-07-11T02:33:13.173Z", "user": 1, "content_type": 7, "object_id": "2", "object_repr": "\u968f\u7b14", "action_flag": 1, "change_message": "[{\"added\": {}}]"}}, {"model": "admin.logentry", "pk": 3, "fields": {"action_time": "2018-07-11T02:33:21.401Z", "user": 1, "content_type": 7, "object_id": "3", "object_repr": "\u611f\u609f", "action_flag": 1, "change_message": "[{\"added\": {}}]"}}, {"model": "admin.logentry", "pk": 4, "fields": {"action_time": "2018-07-11T02:35:45.376Z", "user": 1, "content_type": 8, "object_id": "1", "object_repr": "<Blog:2018\u5e747\u670811\u65e5\u535a\u5ba2>", "action_flag": 1, "change_message": "[{\"added\": {}}]"}}, {"model": "admin.logentry", "pk": 5, "fields": {"action_time": "2018-07-11T06:24:42.208Z", "user": 1, "content_type": 8, "object_id": "2", "object_repr": "<Blog:django-ckeditor\u540e\u53f0\u5bcc\u6587\u672c\u7f16\u8f91\u5668>", "action_flag": 1, "change_message": "[{\"added\": {}}]"}}, {"model": "admin.logentry", "pk": 6, "fields": {"action_time": "2018-07-11T06:30:40.292Z", "user": 1, "content_type": 7, "object_id": "4", "object_repr": "python", "action_flag": 1, "change_message": "[{\"added\": {}}]"}}, {"model": "admin.logentry", "pk": 7, "fields": {"action_time": "2018-07-11T06:31:01.106Z", "user": 1, "content_type": 8, "object_id": "3", "object_repr": "<Blog:Python\u64cd\u4f5cExcel>", "action_flag": 1, "change_message": "[{\"added\": {}}]"}}, {"model": "admin.logentry", "pk": 8, "fields": {"action_time": "2018-07-11T06:46:32.210Z", "user": 1, "content_type": 8, "object_id": "4", "object_repr": "<Blog:Python\u8bfb\u5199XML\u6587\u6863(lxml\u65b9\u5f0f)>", "action_flag": 1, "change_message": "[{\"added\": {}}]"}}, {"model": "admin.logentry", "pk": 9, "fields": {"action_time": "2018-06-08T06:14:44.998Z", "user": 1, "content_type": 8, "object_id": "36", "object_repr": "<Blog:QuerySet\u67e5\u8be2\u57fa\u7840>", "action_flag": 1, "change_message": "[{\"added\": {}}]"}}, {"model": "admin.logentry", "pk": 10, "fields": {"action_time": "2018-05-24T06:16:56.069Z", "user": 1, "content_type": 4, "object_id": "2", "object_repr": "\u6768\u4ed5\u822a", "action_flag": 1, "change_message": "[{\"added\": {}}]"}}, {"model": "admin.logentry", "pk": 11, "fields": {"action_time": "2018-05-24T06:17:04.178Z", "user": 1, "content_type": 8, "object_id": "37", "object_repr": "<Blog:Python\u722c\u866b\u5165\u95e8 (\u770b\u8fd9\u7bc7\u5c31\u591f\u4e86)>", "action_flag": 1, "change_message": "[{\"added\": {}}]"}}, {"model": "admin.logentry", "pk": 12, "fields": {"action_time": "2018-04-19T06:18:53.430Z", "user": 1, "content_type": 8, "object_id": "38", "object_repr": "<Blog:Python\u8bfb\u5199utf-8\u7684\u6587\u672c\u6587\u4ef6>", "action_flag": 1, "change_message": "[{\"added\": {}}]"}}, {"model": "admin.logentry", "pk": 13, "fields": {"action_time": "2018-04-19T13:44:26.203Z", "user": 1, "content_type": 8, "object_id": "34", "object_repr": "<Blog:python\u83b7\u53d6\u5317\u4eac\u65f6\u95f4>", "action_flag": 2, "change_message": "[{\"changed\": {\"fields\": [\"title\", \"blog_type\", \"content\", \"author\"]}}]"}}, {"model": "admin.logentry", "pk": 14, "fields": {"action_time": "2018-04-19T14:03:47.983Z", "user": 1, "content_type": 8, "object_id": "34", "object_repr": "<Blog:python\u83b7\u53d6\u5317\u4eac\u65f6\u95f4>", "action_flag": 2, "change_message": "[{\"changed\": {\"fields\": [\"content\"]}}]"}}, {"model": "admin.logentry", "pk": 15, "fields": {"action_time": "2018-07-13T03:59:19.173Z", "user": 1, "content_type": 10, "object_id": "1", "object_repr": "ReadNum object (1)", "action_flag": 1, "change_message": "[{\"added\": {}}]"}}, {"model": "admin.logentry", "pk": 16, "fields": {"action_time": "2018-07-13T04:06:26.804Z", "user": 1, "content_type": 10, "object_id": "2", "object_repr": "ReadNum object (2)", "action_flag": 1, "change_message": "[{\"added\": {}}]"}}, {"model": "admin.logentry", "pk": 17, "fields": {"action_time": "2018-07-13T11:54:02.538Z", "user": 1, "content_type": 10, "object_id": "14", "object_repr": "ReadNum object (14)", "action_flag": 2, "change_message": "[{\"changed\": {\"fields\": [\"read_num\"]}}]"}}, {"model": "admin.logentry", "pk": 18, "fields": {"action_time": "2018-07-15T07:59:07.100Z", "user": 1, "content_type": 11, "object_id": "1", "object_repr": "Comment object (1)", "action_flag": 1, "change_message": "[{\"added\": {}}]"}}, {"model": "admin.logentry", "pk": 19, "fields": {"action_time": "2018-07-17T06:44:48.816Z", "user": 1, "content_type": 11, "object_id": "25", "object_repr": "Comment object (25)", "action_flag": 1, "change_message": "[{\"added\": {}}]"}}, {"model": "admin.logentry", "pk": 20, "fields": {"action_time": "2018-07-17T07:09:03.572Z", "user": 1, "content_type": 11, "object_id": "25", "object_repr": "afsdfsafa", "action_flag": 2, "change_message": "[{\"changed\": {\"fields\": [\"text\", \"root\", \"parent\", \"reply_to\"]}}]"}}, {"model": "admin.logentry", "pk": 21, "fields": {"action_time": "2018-07-17T07:10:24.284Z", "user": 1, "content_type": 11, "object_id": "26", "object_repr": "\u56de\u590d\u8bc4\u8bba\u7684\u8bc4\u8bba\ud83d\ude00\ud83d\udc36", "action_flag": 1, "change_message": "[{\"added\": {}}]"}}, {"model": "admin.logentry", "pk": 22, "fields": {"action_time": "2018-07-17T14:10:40.532Z", "user": 1, "content_type": 8, "object_id": "31", "object_repr": "<Blog: for 26>", "action_flag": 2, "change_message": "[{\"changed\": {\"fields\": [\"content\"]}}]"}}, {"model": "admin.logentry", "pk": 23, "fields": {"action_time": "2018-07-19T12:22:41.505Z", "user": 1, "content_type": 14, "object_id": "1", "object_repr": "<Profile: limingyue for \u674e\u660e\u6708>", "action_flag": 1, "change_message": "[{\"added\": {}}]"}}, {"model": "admin.logentry", "pk": 24, "fields": {"action_time": "2018-07-19T12:23:00.231Z", "user": 1, "content_type": 14, "object_id": "2", "object_repr": "<Profile: ysh for \u6768\u4ed5\u822a>", "action_flag": 1, "change_message": "[{\"added\": {}}]"}}, {"model": "admin.logentry", "pk": 25, "fields": {"action_time": "2018-07-19T12:23:12.329Z", "user": 1, "content_type": 14, "object_id": "3", "object_repr": "<Profile: \u7ba1\u7406\u5458 for admin>", "action_flag": 1, "change_message": "[{\"added\": {}}]"}}, {"model": "admin.logentry", "pk": 26, "fields": {"action_time": "2018-07-19T14:08:08.213Z", "user": 1, "content_type": 4, "object_id": "7", "object_repr": "\u5f20\u7433", "action_flag": 1, "change_message": "[{\"added\": {}}]"}}]